subject,lam_star,best_lag_ms_star,train_mse_all_star,mean_test_mse_star,train_r_all_star,mean_test_r_star,w_star,best_lag_ms_lam0,train_mse_all_lam0,mean_test_mse_lam0,train_r_all_lam0,mean_test_lam0,w_lam0
33,3.1622776601683795,1500,0.9884528215112919,0.9980401599440325,0.15919302653696485,0.05759782440280211,"[[-0.00622191]
 [-0.01072822]
 [-0.01729788]
 [ 0.01101155]
 [ 0.00741237]
 [ 0.00530986]
 [-0.00046109]
 [-0.01053202]
 [-0.00583491]
 [ 0.00207283]
 [-0.00054021]
 [-0.00829463]
 [ 0.00618832]
 [ 0.0032422 ]
 [ 0.01498417]
 [ 0.01996334]
 [-0.00156674]]",1500,0.9666758006964232,0.9668901784970998,0.18254916955049844,0.17823242557899246,"[[ 0.01290034]
 [-0.04252366]
 [-0.11884486]
 [ 0.07600636]
 [ 0.00184195]
 [ 0.06924578]
 [ 0.00951834]
 [-0.03207729]
 [-0.02036987]
 [-0.00638661]
 [-0.06573272]
 [-0.01914925]
 [-0.03113696]
 [ 0.00095446]
 [ 0.06791084]
 [ 0.16644282]
 [-0.00171876]]"
34,1,-1400,0.9451533363668624,0.96409949422365,0.248173434671541,0.21056081119298198,"[[ 0.03540181]
 [ 0.01684947]
 [ 0.03865643]
 [ 0.00081652]
 [ 0.01081237]
 [ 0.00579106]
 [ 0.02675506]
 [-0.00010681]
 [ 0.02556526]
 [ 0.05756149]
 [-0.00340362]
 [-0.00594822]
 [-0.03874772]
 [-0.04190842]
 [-0.01915208]
 [-0.03046645]
 [-0.03422261]]",-1370,0.9233130506804527,0.9236949858455812,0.27692408584221706,0.27973154528972877,"[[ 0.06012006]
 [ 0.01637647]
 [ 0.09192611]
 [-0.00364763]
 [-0.03986358]
 [-0.01871829]
 [ 0.08116792]
 [-0.04041134]
 [ 0.03733718]
 [ 0.15220465]
 [ 0.01746495]
 [-0.00653658]
 [-0.16543722]
 [-0.20078472]
 [ 0.0528588 ]
 [-0.04229923]
 [-0.09097467]]"
36,10,-690,0.9893772649643447,0.9977712160653033,0.19294897976627218,0.06728153221638847,"[[ 0.00581023]
 [ 0.00188572]
 [-0.01019455]
 [ 0.00349064]
 [ 0.00560401]
 [-0.00446523]
 [-0.00142992]
 [-0.00768183]
 [-0.00786122]
 [-0.00370292]
 [-0.00782353]
 [-0.00467914]
 [-0.00237705]
 [-0.00356384]
 [-0.00221215]
 [ 0.0002391 ]
 [-0.00623696]]",-180,0.927089084735474,0.929449089399004,0.27002021269624565,0.25182385408621244,"[[ 0.02852046]
 [ 0.06038583]
 [-0.05560016]
 [ 0.03230572]
 [ 0.03048561]
 [ 0.08126624]
 [ 0.01686504]
 [-0.26949615]
 [-0.15047898]
 [-0.05472851]
 [-0.3450897 ]
 [ 0.16299101]
 [-0.01688783]
 [ 0.04436509]
 [-0.08519555]
 [ 0.26299542]
 [-0.03087234]]"
38,10,-1090,0.9865196258753905,0.9967321998082543,0.1759921099378123,0.08395076225472368,"[[-0.00480744]
 [-0.00831649]
 [-0.0022588 ]
 [-0.00195896]
 [-0.00616817]
 [-0.00410102]
 [ 0.00014636]
 [-0.00248806]
 [ 0.00389994]
 [-0.00495607]
 [-0.00953937]
 [-0.00479222]
 [-0.00712739]
 [-0.00431907]
 [-0.00869214]
 [-0.00844993]
 [-0.00677967]]",-550,0.9427985737158455,0.9437851474957053,0.23916819664026126,0.21917682828287796,"[[-0.12490869]
 [-0.0571692 ]
 [ 0.05559771]
 [ 0.24838571]
 [-0.22000899]
 [ 0.01096011]
 [ 0.10152602]
 [-0.07561382]
 [ 0.05760496]
 [-0.00940133]
 [-0.08997555]
 [-0.03991113]
 [ 0.00709683]
 [-0.02946503]
 [-0.05528557]
 [-0.06579453]
 [-0.01984483]]"
39,3.1622776601683795,1070,0.9358319680486749,0.9613322946663664,0.2754699395664499,0.21209182371994814,"[[ 0.03468961]
 [ 0.00233627]
 [-0.00315254]
 [ 0.0267969 ]
 [ 0.02428474]
 [ 0.0296767 ]
 [ 0.01833015]
 [ 0.00932682]
 [ 0.02158113]
 [-0.00619879]
 [ 0.01031822]
 [ 0.01777255]
 [-0.01931629]
 [ 0.01747998]
 [-0.00984215]
 [-0.01357328]
 [-0.0027397 ]]",-1500,0.8967086178369063,0.8942885881150828,0.3213897667367363,0.3175532503530517,"[[ 0.12117252]
 [-0.14156146]
 [-0.10707207]
 [-0.11370323]
 [ 0.0771466 ]
 [-0.02831006]
 [ 0.03008005]
 [ 0.11303552]
 [ 0.09626664]
 [ 0.0770642 ]
 [ 0.1712081 ]
 [ 0.0164694 ]
 [-0.0321693 ]
 [-0.03684711]
 [-0.08463975]
 [-0.22395135]
 [ 0.04496121]]"
40,1,-1500,0.9484915981032701,0.9827710037931844,0.25277057241502904,0.13776961665253862,"[[ 0.00842389]
 [-0.00355949]
 [-0.02172933]
 [ 0.04786005]
 [ 0.03892913]
 [ 0.04802517]
 [-0.0441202 ]
 [ 0.01096433]
 [-0.02148251]
 [ 0.02359237]
 [ 0.00357961]
 [-0.06209442]
 [-0.03155153]
 [-0.02850529]
 [-0.01776107]
 [ 0.00036808]
 [-0.00016872]]",-1500,0.9234734703940609,0.9282100535970993,0.276634288557907,0.25691040961836914,"[[ 0.00090375]
 [-0.00028846]
 [-0.06970123]
 [-0.0513216 ]
 [ 0.16654768]
 [ 0.20338674]
 [-0.16639458]
 [ 0.00940943]
 [ 0.02434743]
 [ 0.10465349]
 [ 0.02771553]
 [-0.15293504]
 [-0.0955113 ]
 [-0.11032653]
 [-0.01657995]
 [ 0.01964731]
 [ 0.0043198 ]]"
41,10,760,0.9921894043248186,0.9985435831932273,0.14341606169057852,0.07782185399820123,"[[ 0.00295228]
 [ 0.00252813]
 [ 0.00708556]
 [ 0.00262231]
 [-0.00112828]
 [ 0.006404  ]
 [-0.00127379]
 [ 0.00809498]
 [ 0.00040359]
 [ 0.0060943 ]
 [ 0.00505296]
 [ 0.00384289]
 [ 0.00194168]
 [ 0.0005085 ]
 [ 0.00877253]
 [ 0.00134524]
 [ 0.00144819]]",950,0.9621734400198952,0.9621728251943316,0.19449051385634375,0.1864507611168099,"[[-0.01482527]
 [ 0.04250325]
 [ 0.07119564]
 [ 0.00624645]
 [-0.04919828]
 [-0.01158497]
 [-0.0389185 ]
 [ 0.17652784]
 [-0.01446763]
 [ 0.04658733]
 [ 0.05034251]
 [-0.06791989]
 [-0.0331384 ]
 [-0.02937059]
 [ 0.12290992]
 [ 0.00420805]
 [-0.00247416]]"
42,316.22776601683796,-1190,0.9998220002881207,1.0001976884990806,0.14502021805478815,-0.027723904383106214,"[[-1.05331196e-04]
 [-4.43960111e-05]
 [-1.62525489e-04]
 [ 9.70008723e-05]
 [ 1.03124392e-04]
 [-7.79545903e-06]
 [-2.57764837e-05]
 [-4.30783190e-05]
 [ 3.98578195e-05]
 [ 1.67897395e-04]
 [ 1.89316993e-04]
 [-2.88639812e-05]
 [ 1.85463431e-04]
 [-3.07818310e-05]
 [-2.27053734e-05]
 [ 2.55215011e-04]
 [-2.26482232e-04]]",1500,0.9659307692708364,0.9659214323054092,0.18457852185225512,0.1851563511017801,"[[ 0.0529846 ]
 [-0.12953272]
 [ 0.01714032]
 [-0.03893908]
 [ 0.10715148]
 [ 0.06557911]
 [ 0.11426951]
 [-0.08766619]
 [-0.06698609]
 [-0.00644873]
 [ 0.04589514]
 [ 0.02749399]
 [ 0.03333775]
 [-0.00337345]
 [ 0.03433649]
 [ 0.0213293 ]
 [ 0.0200564 ]]"
43,1,-670,0.9577873870561695,0.9762995701552084,0.2343996966469299,0.16363608653058834,"[[ 0.02975254]
 [-0.0105066 ]
 [-0.02923712]
 [ 0.04136055]
 [-0.00562893]
 [-0.0165091 ]
 [-0.02819018]
 [-0.05374503]
 [-0.02091652]
 [-0.01395744]
 [-0.01727078]
 [-0.0303978 ]
 [-0.0274401 ]
 [-0.00396247]
 [-0.0005616 ]
 [-0.02971199]
 [-0.05159304]]",-410,0.9322077075808723,0.9329566830887509,0.26036953051217,0.22701593532824577,"[[ 3.39794904e-02]
 [-7.73353745e-03]
 [-1.39419601e-02]
 [ 2.94707759e-01]
 [-1.42763608e-01]
 [-1.81813477e-01]
 [-6.42212400e-02]
 [-1.92577392e-01]
 [-5.83113204e-02]
 [ 7.05014961e-02]
 [ 3.57735545e-02]
 [-4.49874679e-03]
 [-6.68254241e-02]
 [ 1.87512561e-04]
 [ 6.06175546e-02]
 [-2.60084204e-02]
 [-1.37195093e-01]]"
44,316.22776601683796,480,0.9997446597598402,1.0000158737595175,0.15768968164867594,0.028448535743728832,"[[ 1.73094091e-04]
 [-1.96642227e-04]
 [ 6.40288386e-05]
 [ 1.66784715e-04]
 [-1.35318599e-04]
 [ 1.83082695e-04]
 [-1.97264775e-04]
 [ 5.99643684e-05]
 [-1.96998525e-04]
 [-1.14837534e-04]
 [ 1.54592256e-04]
 [-3.58717030e-05]
 [-1.19213812e-04]
 [-1.96203222e-04]
 [-2.70797209e-04]
 [-2.97964469e-05]
 [ 6.07833064e-05]]",-90,0.9594292008473717,0.9596475951521548,0.20142194307628966,0.1987647304251452,"[[ 0.03679781]
 [-0.07560126]
 [-0.07166898]
 [ 0.10299561]
 [-0.08927223]
 [-0.0131831 ]
 [ 0.01707128]
 [ 0.03395493]
 [-0.05927287]
 [ 0.02590784]
 [ 0.11995815]
 [-0.08207488]
 [-0.06782448]
 [-0.01601672]
 [-0.12388924]
 [ 0.01777025]
 [ 0.00388326]]"
45,316.22776601683796,1500,0.9995570152529523,1.0001228523297756,0.15592066363797813,-0.054667724963070485,"[[-8.19459395e-05]
 [-1.55298806e-04]
 [ 1.32542434e-04]
 [-1.10525830e-04]
 [-1.98315418e-04]
 [-9.88069060e-05]
 [-2.89298574e-05]
 [-1.84505026e-04]
 [ 8.59414850e-05]
 [-5.98239816e-05]
 [-7.34576156e-05]
 [-1.02013031e-04]
 [-2.90958925e-04]
 [ 6.08852497e-05]
 [-3.30317658e-04]
 [-2.66756762e-04]
 [-5.07167455e-04]]",1500,0.9598309691742773,0.9609890175297884,0.20042213157663702,0.19696487359382664,"[[ 0.00240632]
 [-0.04425536]
 [ 0.08068428]
 [ 0.01173276]
 [-0.08415014]
 [ 0.0038688 ]
 [ 0.08501008]
 [-0.09675182]
 [ 0.00929617]
 [-0.00440926]
 [-0.00130089]
 [ 0.03971253]
 [-0.03924485]
 [ 0.07119884]
 [-0.0693635 ]
 [ 0.00276315]
 [-0.0858035 ]]"
47,1,-1500,0.8979024283904335,0.9556192808510595,0.3442578122347805,0.22830725841909122,"[[-0.09412525]
 [-0.03545838]
 [-0.04970908]
 [ 0.0006972 ]
 [ 0.03845907]
 [-0.01639227]
 [ 0.00675856]
 [ 0.05790944]
 [ 0.00835588]
 [-0.04594237]
 [-0.02002227]
 [-0.00648869]
 [-0.06439173]
 [-0.00028325]
 [-0.01201621]
 [-0.0034218 ]
 [-0.05505509]]",-1500,0.8435116167010661,0.8471421666312153,0.39558612627205936,0.38065425676470377,"[[-0.14765093]
 [-0.04679481]
 [-0.14585708]
 [-0.00593717]
 [ 0.27326758]
 [-0.13330189]
 [-0.00743958]
 [ 0.30450416]
 [ 0.01234202]
 [-0.11711042]
 [-0.03468944]
 [-0.03565593]
 [-0.25192965]
 [-0.01346651]
 [ 0.07066702]
 [ 0.05985621]
 [-0.13479653]]"
48,3.1622776601683795,-1500,0.9687469519104205,0.9947693965307034,0.2449187721539099,0.0776819543786877,"[[ 0.01504003]
 [ 0.01165059]
 [-0.01256343]
 [-0.00498931]
 [ 0.01629503]
 [ 0.00690802]
 [ 0.02286456]
 [ 0.0031572 ]
 [ 0.00621571]
 [ 0.00148869]
 [-0.0020423 ]
 [-0.01080636]
 [-0.01786151]
 [-0.02136656]
 [-0.01114238]
 [-0.00238862]
 [-0.03980553]]",-1500,0.919796398116946,0.9291250328285143,0.2832024044443373,0.26652566070377137,"[[ 0.0799732 ]
 [-0.0213062 ]
 [-0.06737916]
 [-0.1752288 ]
 [ 0.10956692]
 [ 0.11745227]
 [ 0.09003562]
 [ 0.00961314]
 [-0.0047531 ]
 [-0.00321454]
 [ 0.0100939 ]
 [-0.0146318 ]
 [-0.10731855]
 [-0.09032917]
 [ 0.00503761]
 [ 0.10065808]
 [-0.21372695]]"
49,1,-90,0.8972906686588971,0.9423081560325222,0.3347118521365388,0.26199452392242456,"[[ 0.09487898]
 [ 0.03302481]
 [ 0.02282935]
 [ 0.06031271]
 [ 0.01974768]
 [ 0.03118211]
 [-0.00377201]
 [-0.02136137]
 [ 0.01484621]
 [ 0.03139121]
 [ 0.03586529]
 [-0.04836484]
 [-0.00690353]
 [-0.02988049]
 [ 0.00563042]
 [-0.02119752]
 [-0.02565503]]",-90,0.8803332312350183,0.883020782336023,0.34592884928115136,0.346764772333843,"[[ 0.14497309]
 [ 0.03837755]
 [ 0.0570062 ]
 [ 0.14381866]
 [-0.0320775 ]
 [-0.0096516 ]
 [-0.06090071]
 [-0.04317439]
 [ 0.07646923]
 [ 0.06163997]
 [ 0.1122004 ]
 [-0.0838624 ]
 [-0.01363113]
 [-0.0573892 ]
 [ 0.02269468]
 [-0.05279479]
 [-0.02071184]]"
50,3.1622776601683795,-870,0.980601940874647,0.9917915922262613,0.1503126428121845,0.11032664872156324,"[[-0.01244289]
 [-0.02121766]
 [-0.01842492]
 [-0.00947925]
 [-0.00658285]
 [-0.01274262]
 [-0.00602758]
 [-0.00268612]
 [-0.00428523]
 [-0.00787357]
 [-0.00386307]
 [-0.00406534]
 [-0.00888966]
 [-0.00795303]
 [-0.00449513]
 [-0.00087711]
 [-0.01085624]]",-490,0.9661551529047228,0.9661552967899952,0.1839696906973459,0.19543055886603697,"[[-0.00831656]
 [-0.02821067]
 [-0.08218346]
 [ 0.01232508]
 [ 0.01750863]
 [-0.06158615]
 [-0.06920636]
 [ 0.05089414]
 [ 0.06080902]
 [-0.08993447]
 [ 0.02939551]
 [ 0.04922427]
 [-0.06777806]
 [-0.15868884]
 [ 0.0121489 ]
 [ 0.14566799]
 [-0.11824196]]"
51,1,-1430,0.8649119828110875,0.9143727109810175,0.3900861528992783,0.29132241477300813,"[[ 0.08323906]
 [ 0.00611697]
 [ 0.00772187]
 [ 0.04044434]
 [ 0.0169705 ]
 [ 0.0349254 ]
 [ 0.01937869]
 [-0.02673903]
 [ 0.02969808]
 [ 0.04845601]
 [ 0.09775155]
 [ 0.01445747]
 [-0.04647094]
 [-0.07913298]
 [ 0.01197857]
 [-0.03248242]
 [-0.00512423]]",-1460,0.82659704323413,0.8260062992746027,0.4164168065362752,0.4216031580505962,"[[ 0.19295153]
 [-0.04142189]
 [-0.02180675]
 [ 0.0348711 ]
 [-0.04466973]
 [ 0.03032203]
 [ 0.04469315]
 [-0.06036779]
 [ 0.06003059]
 [ 0.07148107]
 [ 0.19777369]
 [ 0.00444898]
 [-0.17469794]
 [-0.19885376]
 [ 0.12268943]
 [-0.08055536]
 [ 0.04152666]]"
52,1,-1240,0.9350751033379805,0.9793157235825672,0.2813811702976108,0.15353416117297594,"[[ 0.02274311]
 [-0.02954516]
 [-0.00026464]
 [ 0.00212606]
 [ 0.02609157]
 [ 0.05854686]
 [ 0.00838274]
 [ 0.04077466]
 [ 0.02586082]
 [ 0.06326885]
 [-0.00879076]
 [ 0.00700582]
 [-0.03104195]
 [-0.03915315]
 [-0.01837976]
 [ 0.00127834]
 [ 0.06685474]]",-1140,0.904882760173783,0.8963001675150634,0.30841082961889843,0.30830655267796,"[[ 0.07304182]
 [-0.13217989]
 [-0.03171843]
 [-0.1525557 ]
 [ 0.17106215]
 [ 0.20079971]
 [-0.04346939]
 [ 0.02453684]
 [ 0.0512489 ]
 [ 0.16196424]
 [-0.06585319]
 [ 0.01227671]
 [-0.0506647 ]
 [-0.06117946]
 [-0.07084289]
 [-0.01931056]
 [ 0.14597569]]"
54,1,-1500,0.9696426697964815,0.9918699257468444,0.19822356288790338,0.08854065714657205,"[[ 0.00612528]
 [-0.04685904]
 [-0.02813639]
 [ 0.02050789]
 [-0.00101909]
 [ 0.00966759]
 [-0.01738253]
 [-0.04848542]
 [-0.00726426]
 [-0.00098688]
 [ 0.02202841]
 [-0.03547917]
 [-0.00946959]
 [-0.02020512]
 [-0.036042  ]
 [-0.00356065]
 [ 0.00133618]]",780,0.9471177981628239,0.9464629039776107,0.22996130508669418,0.2244130648038701,"[[ 0.05787764]
 [-0.17579976]
 [-0.03165958]
 [-0.03360141]
 [ 0.03715814]
 [ 0.03659966]
 [ 0.1841703 ]
 [-0.09620697]
 [ 0.09643055]
 [ 0.08617627]
 [ 0.24079651]
 [-0.07850828]
 [-0.16999522]
 [-0.08620653]
 [-0.02039811]
 [-0.04099402]
 [ 0.01203473]]"
55,10,1160,0.9925133297590523,0.999450803428487,0.15711759614337376,0.03004333083045609,"[[-7.23097288e-03]
 [-5.01421574e-03]
 [-1.45016386e-03]
 [-3.03846938e-03]
 [-4.42415899e-03]
 [-1.49003963e-03]
 [-6.27722554e-03]
 [ 2.61133427e-03]
 [-3.73620896e-03]
 [ 1.53832302e-03]
 [ 4.74073178e-05]
 [ 8.22460073e-03]
 [ 1.34590870e-03]
 [-9.15545945e-03]
 [ 2.28952902e-03]
 [ 2.44285933e-03]
 [ 1.73593715e-03]]",1500,0.9655189429824862,0.96586125859691,0.1856907564137581,0.1757918416654097,"[[-0.12910725]
 [ 0.03583191]
 [ 0.03407136]
 [ 0.01726768]
 [-0.00042147]
 [ 0.00527686]
 [-0.09983026]
 [ 0.04042817]
 [ 0.02135643]
 [ 0.02138922]
 [-0.01856698]
 [ 0.04099184]
 [-0.00309994]
 [-0.10870475]
 [ 0.04563128]
 [ 0.05917888]
 [ 0.01274314]]"
56,100,890,0.9995618318391787,1.0003723393091528,0.13813985981097573,-0.0629498572874753,"[[-3.44044201e-04]
 [-1.96365243e-04]
 [-2.64363923e-04]
 [ 3.05683501e-04]
 [ 2.50007025e-04]
 [ 5.77779064e-05]
 [-2.88549576e-04]
 [ 9.44782944e-05]
 [-3.83562346e-04]
 [ 1.15436166e-04]
 [ 8.63628555e-04]
 [ 6.43332479e-04]
 [-2.85053562e-04]
 [ 1.85580921e-04]
 [ 3.56019716e-04]
 [ 1.89060763e-04]
 [ 3.18561689e-04]]",-1500,0.9614778270809748,0.9605282717080912,0.19627066240022978,0.18993225132822472,"[[-0.15058057]
 [ 0.21375201]
 [ 0.02880793]
 [ 0.10162434]
 [ 0.01244562]
 [ 0.05574694]
 [-0.14914446]
 [-0.02897945]
 [ 0.07057856]
 [-0.03375985]
 [-0.07791288]
 [ 0.08525203]
 [-0.01728921]
 [-0.02674035]
 [-0.01862442]
 [ 0.00533486]
 [-0.06656041]]"
57,1,-1500,0.9555073391032072,0.9796230043250554,0.2387609700825553,0.14714741191956066,"[[-0.0189783 ]
 [ 0.05022864]
 [-0.00459058]
 [-0.00667377]
 [-0.00876918]
 [-0.00617086]
 [ 0.01631884]
 [ 0.00667082]
 [ 0.03717642]
 [ 0.04007256]
 [ 0.05732199]
 [ 0.00223667]
 [-0.04582262]
 [ 0.03523265]
 [ 0.00196654]
 [ 0.00711552]
 [-0.03386111]]",-1500,0.9333078336533387,0.9333219654585174,0.258248264944145,0.25163932459158084,"[[-0.06261677]
 [ 0.10941199]
 [ 0.00248374]
 [ 0.02664096]
 [-0.09385679]
 [-0.06209082]
 [ 0.04542396]
 [ 0.03287597]
 [ 0.06664301]
 [ 0.09256138]
 [ 0.13195654]
 [-0.00984596]
 [-0.1876052 ]
 [ 0.04195466]
 [ 0.01986606]
 [ 0.09320128]
 [-0.09532198]]"
58,1,-1500,0.9145379184476009,0.9345799323600896,0.31266282622204655,0.2609308215931493,"[[ 0.0772199 ]
 [ 0.07723362]
 [ 0.04088268]
 [-0.00138545]
 [ 0.01959822]
 [ 0.0304698 ]
 [ 0.02102781]
 [ 0.00659563]
 [ 0.01707794]
 [ 0.05091382]
 [ 0.03404385]
 [ 0.00669899]
 [-0.03185759]
 [-0.02283431]
 [-0.02905153]
 [ 0.01682728]
 [-0.01496129]]",-1500,0.8956281182977701,0.8956994571494744,0.3230663735244351,0.32110680700230587,"[[ 0.13667776]
 [ 0.11823786]
 [ 0.04489092]
 [-0.08860619]
 [ 0.06288554]
 [ 0.14142   ]
 [ 0.02602966]
 [-0.08893563]
 [ 0.02179488]
 [ 0.10281948]
 [ 0.04686748]
 [ 0.02965527]
 [-0.0598237 ]
 [-0.04917093]
 [-0.06045557]
 [ 0.06299496]
 [-0.05959309]]"
59,1,-1500,0.9671909423960259,0.9892485141810194,0.19444007276821293,0.11425151704886827,"[[ 1.98483147e-02]
 [-7.13019335e-03]
 [ 5.74773981e-02]
 [-1.89094817e-02]
 [-5.12782511e-03]
 [-9.58531605e-05]
 [ 5.77375066e-03]
 [ 4.01353854e-02]
 [ 6.17125691e-03]
 [ 2.43020574e-02]
 [ 2.55659980e-02]
 [ 2.87536024e-02]
 [-2.19977342e-02]
 [ 1.08212901e-03]
 [-8.13024007e-03]
 [ 1.68839235e-02]
 [-5.14221131e-03]]",-1500,0.9567115463547754,0.9557049351800665,0.20805877449707474,0.20987239527027743,"[[ 0.01647757]
 [-0.02585265]
 [ 0.12510833]
 [-0.04700815]
 [-0.00325319]
 [-0.03218022]
 [ 0.02233449]
 [ 0.06508008]
 [-0.01167863]
 [ 0.08507835]
 [ 0.04373962]
 [ 0.05266559]
 [-0.0840482 ]
 [ 0.00893818]
 [-0.01644994]
 [ 0.06459971]
 [-0.03203456]]"
60,1,-1220,0.9515899156612732,0.9768034366388735,0.23918908192432708,0.15503735341216104,"[[ 0.02830949]
 [-0.01016321]
 [ 0.0291908 ]
 [ 0.0075801 ]
 [ 0.01059824]
 [ 0.0049414 ]
 [ 0.03959712]
 [ 0.01256427]
 [ 0.02939919]
 [ 0.00978117]
 [-0.00993755]
 [ 0.0457925 ]
 [-0.05437775]
 [ 0.04236091]
 [ 0.00773039]
 [-0.04281712]
 [-0.0127048 ]]",-1160,0.9310331214127036,0.9309449044089764,0.2626154576320603,0.2438875218698274,"[[ 0.08587064]
 [-0.1150235 ]
 [ 0.06305215]
 [ 0.01136639]
 [-0.04558823]
 [ 0.0158175 ]
 [ 0.19368031]
 [-0.04895419]
 [-0.02909684]
 [ 0.02818473]
 [-0.05836934]
 [ 0.14910606]
 [-0.15591132]
 [ 0.07850019]
 [ 0.07143259]
 [-0.05350524]
 [-0.04047004]]"
62,100,1500,0.9979747496517457,1.0003143449649519,0.16816949009012297,-0.005128021882375297,"[[-2.13319187e-03]
 [-1.07780848e-03]
 [-1.16687788e-03]
 [ 4.68039206e-04]
 [ 1.10127744e-04]
 [ 3.75745390e-04]
 [-8.76954354e-05]
 [-2.94491850e-04]
 [-4.69098784e-04]
 [ 6.90287536e-04]
 [ 7.75872894e-04]
 [-2.42815655e-05]
 [ 4.03720825e-04]
 [ 1.38715443e-04]
 [ 2.40581351e-05]
 [ 2.89413538e-04]
 [ 9.12140675e-04]]",1500,0.9436319571778565,0.9446879195702783,0.23741955021047398,0.22979805926691335,"[[-0.09840065]
 [ 0.03424041]
 [-0.03836871]
 [ 0.11868972]
 [-0.05938024]
 [ 0.0915276 ]
 [ 0.09808431]
 [-0.12199684]
 [-0.1492023 ]
 [ 0.08349804]
 [ 0.06975436]
 [-0.06670471]
 [-0.0025612 ]
 [-0.01563423]
 [-0.03518582]
 [-0.00279427]
 [ 0.05082319]]"
63,1,-760,0.9587381434114172,0.9890434012062826,0.21819359228256108,0.09731796142801237,"[[-0.02293149]
 [-0.02694818]
 [ 0.03486431]
 [ 0.01249409]
 [ 0.02161016]
 [-0.01487441]
 [-0.01823378]
 [ 0.03636739]
 [-0.00070684]
 [-0.04473449]
 [-0.00146982]
 [ 0.04295173]
 [-0.00364167]
 [ 0.03183682]
 [-0.01887624]
 [-0.00427341]
 [ 0.02861621]]",-1110,0.9349277106389527,0.9373109731685996,0.2550927073850745,0.24491401612893599,"[[-0.05588576]
 [-0.05327831]
 [ 0.09172632]
 [ 0.03106386]
 [ 0.21434017]
 [-0.09914883]
 [-0.07617368]
 [ 0.03316264]
 [ 0.0438225 ]
 [-0.30423022]
 [ 0.00274405]
 [ 0.0402641 ]
 [ 0.01645667]
 [ 0.05376959]
 [-0.01720445]
 [-0.04117787]
 [ 0.06972325]]"
64,1,710,0.9752856778754014,0.9947232537187519,0.1864778374336336,0.08392708071627646,"[[ 0.01019047]
 [ 0.00509723]
 [ 0.00551321]
 [ 0.03180382]
 [-0.02586096]
 [-0.00566149]
 [ 0.00909984]
 [ 0.00270251]
 [-0.01375448]
 [-0.01767838]
 [-0.03578891]
 [ 0.02486775]
 [-0.04028197]
 [ 0.02183274]
 [-0.01574662]
 [-0.03247514]
 [ 0.0296344 ]]",890,0.9529064401452244,1.003393733720027,0.21701050632348584,0.11767938275165987,"[[ 0.00417177]
 [ 0.03357959]
 [ 0.02446553]
 [ 0.2098713 ]
 [-0.23583201]
 [-0.08805562]
 [ 0.10106379]
 [-0.00390252]
 [-0.08266664]
 [ 0.01381438]
 [-0.15596125]
 [ 0.06889821]
 [-0.1089579 ]
 [ 0.05915244]
 [ 0.01085948]
 [-0.04038236]
 [ 0.05641294]]"
 65,0.1,-1340,0.8580454529095752,0.8996925983200262,0.3788305670859923,0.32114142561030923,"[[ 0.10064716]
 [ 0.02340102]
 [-0.05855932]
 [-0.02595398]
 [ 0.06153409]
 [-0.00852169]
 [-0.111444  ]
 [-0.07582319]
 [ 0.07421399]
 [ 0.09571028]
 [ 0.10858192]
 [-0.07651543]
 [ 0.04398546]
 [-0.16055708]
 [ 0.08161988]
 [ 0.00584296]
 [-0.17442061]]",-1360,0.8546415680020939,0.908480698459365,0.3812590090711395,0.31573914850664925,"[[ 0.11324372]
 [ 0.02583028]
 [-0.06137714]
 [-0.09151544]
 [ 0.14196666]
 [ 0.00499205]
 [-0.18181412]
 [-0.09590047]
 [ 0.1107047 ]
 [ 0.09806562]
 [ 0.14231702]
 [-0.08592717]
 [ 0.03126737]
 [-0.19092201]
 [ 0.10380089]
 [ 0.01386599]
 [-0.19245202]]"
67,0.1,-980,0.9319998673443631,0.9745210615800172,0.2630065392189158,0.17814925988390035,"[[-0.01228363]
 [-0.03131575]
 [-0.05895776]
 [-0.09149837]
 [ 0.17419032]
 [ 0.04031952]
 [-0.08395258]
 [ 0.0605713 ]
 [ 0.02629255]
 [-0.03808538]
 [ 0.02488863]
 [ 0.01823512]
 [-0.06232529]
 [-0.10099809]
 [-0.02531513]
 [ 0.06839095]
 [-0.01291179]]",-980,0.9302753535313897,0.9788643237793839,0.26405424910159997,0.17913497869175218,"[[-0.00238029]
 [-0.02872693]
 [-0.06660755]
 [-0.11786928]
 [ 0.21354481]
 [ 0.05502624]
 [-0.10546321]
 [ 0.06170524]
 [ 0.04648107]
 [-0.0476783 ]
 [ 0.0276745 ]
 [ 0.02151985]
 [-0.07266847]
 [-0.12291187]
 [-0.02977748]
 [ 0.08530971]
 [-0.02127687]]"
70,10.0,-1500,0.9815130001801967,0.9952975006614864,0.16643049099611995,0.05836482958101908,"[[-0.00896605]
 [-0.00182327]
 [-0.00633271]
 [-0.00851324]
 [-0.0054729 ]
 [-0.00898263]
 [-0.00503452]
 [-0.00388027]
 [ 0.00068716]
 [-0.00363516]
 [-0.00906863]
 [-0.0076395 ]
 [-0.00531033]
 [-0.00499187]
 [-0.00399468]
 [-0.00604053]
 [-0.00830664]]",-1500,0.9366329079363523,1.0398368945440863,0.2517282107028287,0.0585404685742591,"[[-0.03970828]
 [ 0.10868807]
 [-0.04589686]
 [ 0.03996774]
 [ 0.05481812]
 [-0.19999502]
 [-0.29949122]
 [ 0.23648927]
 [ 0.39704519]
 [-0.01754754]
 [-0.05348237]
 [-0.13759953]
 [-0.0345198 ]
 [-0.06078512]
 [ 0.00510909]
 [-0.06103201]
 [-0.03148395]]"
71,316.22776601683796,-150,0.9999063887919435,1.00011737768133,0.13715065100818497,-0.07420549964298362,"[[ 2.04150361e-06]
 [ 1.03164330e-05]
 [-5.99548434e-05]
 [-1.21107807e-04]
 [-8.75976785e-05]
 [ 6.60394564e-05]
 [-3.95072803e-05]
 [-4.45218824e-05]
 [ 1.08583507e-04]
 [-5.73889485e-05]
 [ 6.59533380e-05]
 [-1.24155743e-05]
 [-5.17493710e-05]
 [ 1.05607288e-04]
 [ 2.30705096e-06]
 [ 2.83645407e-04]
 [-4.19798274e-08]]",1500,0.963793515912351,1.096637534951015,0.19028001494547073,-0.09860912608852848,"[[ 0.02712694]
 [ 0.00212745]
 [ 0.0127095 ]
 [-0.04723486]
 [-0.04664403]
 [ 0.05620146]
 [-0.04693128]
 [-0.06221223]
 [-0.0231468 ]
 [-0.04761762]
 [ 0.00686114]
 [ 0.01455589]
 [-0.07669371]
 [ 0.00944521]
 [-0.0363597 ]
 [ 0.18336973]
 [-0.10725232]]"
72,316.22776601683796,1010,0.9998941581845917,1.0000186233320572,0.14470927420821947,0.0025715048207728746,"[[ 3.62164405e-05]
 [ 3.97501776e-05]
 [ 3.95086324e-05]
 [ 3.26530988e-05]
 [-3.77617713e-06]
 [ 5.42135291e-05]
 [-7.89398709e-05]
 [-3.48799743e-05]
 [-1.64553053e-04]
 [ 1.65039243e-04]
 [-2.88781604e-05]
 [ 1.04774376e-04]
 [-7.84940745e-05]
 [ 3.88635482e-05]
 [-4.73227453e-05]
 [-2.68098146e-04]
 [-5.74834159e-05]]",1500,0.956474566399931,1.076619677013584,0.20862749962569468,-0.05258778054846511,"[[-0.05493282]
 [ 0.0097978 ]
 [ 0.15503558]
 [ 0.00933472]
 [-0.08018714]
 [ 0.31279635]
 [ 0.07292912]
 [-0.46168894]
 [-0.15332987]
 [ 0.12587875]
 [-0.05169445]
 [ 0.14656521]
 [ 0.02135918]
 [ 0.01878789]
 [ 0.00825226]
 [-0.12345014]
 [-0.02350795]]"
73,1.0,-410,0.979981457659661,0.9964272635905156,0.16996209026662135,0.07453275429982326,"[[ 0.00571515]
 [-0.02945617]
 [-0.01669428]
 [-0.01159502]
 [-0.00691596]
 [-0.04355741]
 [-0.00089466]
 [-0.00500737]
 [ 0.0171751 ]
 [-0.02113292]
 [ 0.0051717 ]
 [ 0.03628987]
 [ 0.02347166]
 [ 0.02131475]
 [-0.01821913]
 [ 0.01451018]
 [-0.01482876]]",-260,0.9609941032558832,1.0042572175035265,0.19749910567928458,0.09451512052352817,"[[ 0.1001637 ]
 [-0.1564074 ]
 [-0.05555805]
 [-0.01551727]
 [ 0.0279485 ]
 [-0.18028546]
 [ 0.04348997]
 [ 0.01967377]
 [ 0.03520501]
 [-0.12532993]
 [ 0.05631698]
 [ 0.05982369]
 [ 0.16155262]
 [ 0.04474189]
 [-0.05666991]
 [ 0.00608626]
 [-0.0391417 ]]"
74,10.0,340,0.9898487510537621,0.9962196953253242,0.18174545906227507,0.10899042265290572,"[[-0.00213391]
 [-0.00584213]
 [ 0.00493181]
 [ 0.00207892]
 [-0.00143881]
 [ 0.00394989]
 [ 0.00304625]
 [ 0.00543517]
 [ 0.00467527]
 [ 0.00106572]
 [ 0.01109696]
 [ 0.00681628]
 [ 0.00633899]
 [ 0.0082902 ]
 [ 0.00065581]
 [ 0.00397648]
 [ 0.00441948]]",480,0.9396759503182154,1.07275397689653,0.2456095472122053,0.022048907235217845,"[[-0.00188491]
 [-0.06572743]
 [ 0.06314734]
 [ 0.0258457 ]
 [-0.04337921]
 [ 0.01901131]
 [ 0.13490155]
 [-0.04506368]
 [-0.02316182]
 [-0.0782614 ]
 [ 0.25889453]
 [-0.01956669]
 [ 0.10103146]
 [ 0.15407663]
 [-0.11010725]
 [-0.14104583]
 [ 0.12774063]]"
75,1.0,-840,0.9644063497879597,0.9893800271760049,0.22494474625227082,0.11770506033362865,"[[-0.00709924]
 [-0.01348142]
 [-0.03933115]
 [ 0.01806079]
 [ 0.01528014]
 [-0.00513764]
 [ 0.01443162]
 [ 0.00781311]
 [-0.0229105 ]
 [ 0.02650363]
 [-0.00174715]
 [ 0.04398347]
 [-0.02410343]
 [-0.02474777]
 [-0.06547727]
 [-0.00112495]
 [ 0.03561128]]",-840,0.941540326012979,1.0155747021219148,0.24178435430569287,0.1185255798101169,"[[ 0.00246331]
 [-0.01638882]
 [-0.12088636]
 [ 0.10540726]
 [-0.03790317]
 [-0.02225943]
 [ 0.05847452]
 [ 0.06271405]
 [-0.11484999]
 [ 0.14592275]
 [-0.04091192]
 [ 0.08333759]
 [-0.01420503]
 [-0.00370636]
 [-0.22444574]
 [ 0.01482111]
 [ 0.06558549]]"
76,3.1622776601683795,1150,0.9417005953687237,0.9552021629984907,0.25584686880376484,0.22716655138590572,"[[ 0.04397828]
 [ 0.01992714]
 [ 0.01173722]
 [ 0.01688766]
 [ 0.02217307]
 [ 0.01723304]
 [-0.00879693]
 [ 0.00578303]
 [-0.01533282]
 [-0.00621618]
 [-0.00944404]
 [-0.00125726]
 [-0.00687439]
 [ 0.00606928]
 [ 0.01792794]
 [ 0.0090137 ]
 [ 0.00875791]]",-1250,0.8890880391868036,1.041105691560786,0.3330344739110308,0.10790208876237001,"[[ 0.11082011]
 [-0.06771668]
 [-0.17297085]
 [-0.08897481]
 [ 0.22656477]
 [ 0.10374938]
 [-0.17115496]
 [-0.01357948]
 [ 0.11359128]
 [-0.24726778]
 [-0.08625651]
 [-0.03335865]
 [-0.28758177]
 [ 0.1313936 ]
 [ 0.13626008]
 [ 0.23474396]
 [-0.13134266]]"
77,1.0,470,0.9521039710172712,0.9810776905151081,0.2315482346950352,0.13941839226946165,"[[ 0.02045132]
 [-0.015906  ]
 [-0.00986545]
 [ 0.04725701]
 [ 0.02519133]
 [ 0.00106955]
 [ 0.01899399]
 [ 0.02081103]
 [ 0.04013663]
 [ 0.03686421]
 [ 0.01799327]
 [ 0.01450406]
 [-0.02193483]
 [ 0.04100147]
 [ 0.00204949]
 [-0.01210073]
 [-0.03928216]]",510,0.9348234346276973,1.004433640008359,0.25529701402935007,0.11581414118700721,"[[ 0.0543144 ]
 [-0.05378156]
 [-0.03345608]
 [ 0.23515184]
 [-0.04450629]
 [-0.20075793]
 [ 0.03392722]
 [ 0.13217476]
 [ 0.04519867]
 [ 0.06516215]
 [ 0.05384519]
 [-0.00719049]
 [-0.06564912]
 [ 0.07885489]
 [ 0.00527148]
 [ 0.02358041]
 [-0.10461441]]"
79,1.0,-220,0.9502381851067094,0.9822778841306966,0.26510854903195796,0.1481265100759401,"[[ 0.0011435 ]
 [-0.03523538]
 [-0.04625596]
 [ 0.02961557]
 [ 0.02069815]
 [ 0.01471387]
 [-0.00281233]
 [-0.05152214]
 [ 0.0299453 ]
 [-0.06185231]
 [-0.02622602]
 [-0.0269376 ]
 [-0.02922569]
 [ 0.0186124 ]
 [-0.01960548]
 [-0.00310588]
 [ 0.04646485]]",-270,0.9202081763297438,1.0073790145182238,0.2824744655190207,0.15460440812534673,"[[ 0.02405425]
 [-0.12823579]
 [-0.11946595]
 [ 0.1276917 ]
 [ 0.00513411]
 [ 0.09431917]
 [ 0.05744664]
 [-0.17341429]
 [ 0.03281088]
 [-0.20758427]
 [-0.10150228]
 [ 0.00725134]
 [-0.10517956]
 [ 0.06137016]
 [ 0.02375762]
 [ 0.0267519 ]
 [ 0.07232065]]"
80,1.0,1310,0.9570908724338978,0.9918633905553882,0.2522357517386531,0.11507907675908653,"[[ 0.03286994]
 [ 0.05443026]
 [ 0.00774552]
 [-0.0184129 ]
 [-0.0062585 ]
 [-0.03758465]
 [-0.00805572]
 [-0.03076968]
 [ 0.04752176]
 [ 0.01450675]
 [ 0.0451788 ]
 [ 0.03547728]
 [-0.05170235]
 [-0.00630766]
 [ 0.00456929]
 [-0.00716319]
 [-0.01138593]]",1100,0.9276863190335533,1.0116005206256937,0.26891203202245695,0.12130395451349107,"[[ 0.03218804]
 [ 0.17972236]
 [ 0.02608295]
 [-0.02622965]
 [-0.02427683]
 [-0.06703568]
 [-0.10128787]
 [-0.14512981]
 [ 0.13974749]
 [ 0.00498204]
 [ 0.10715627]
 [ 0.14275936]
 [-0.13685391]
 [-0.05826702]
 [ 0.06846292]
 [ 0.00715094]
 [-0.05155897]]"
81,10.0,-1500,0.9947453063807461,0.9986680345984669,0.1396993316817357,0.04931395131585768,"[[-1.97456992e-03]
 [ 3.37353441e-03]
 [-7.93137204e-05]
 [ 6.41853260e-04]
 [-2.56772841e-04]
 [ 1.82779600e-03]
 [-7.98453105e-04]
 [ 9.49538585e-04]
 [-2.97380819e-03]
 [-1.20824909e-03]
 [-4.63318767e-03]
 [-4.97229226e-03]
 [-2.42007017e-03]
 [-5.86221782e-03]
 [-4.36468509e-03]
 [-6.94262066e-03]
 [-7.58709131e-03]]",-1500,0.965223126240602,1.0713037449939484,0.18648558592931105,-0.06618136429053943,"[[-0.0663384 ]
 [ 0.13977085]
 [-0.02338697]
 [ 0.00278108]
 [-0.04707377]
 [ 0.11090157]
 [-0.05601152]
 [ 0.07455676]
 [-0.02967323]
 [ 0.04358894]
 [-0.09770442]
 [-0.095424  ]
 [ 0.11850885]
 [-0.06198016]
 [-0.08177976]
 [-0.09225495]
 [-0.02915966]]"
82,0.1,-370,0.9523463770706243,0.9900187016418409,0.22365566775239476,0.11578406565438434,"[[ 0.04483629]
 [-0.05205964]
 [-0.09467734]
 [-0.03124628]
 [ 0.04573486]
 [-0.04279515]
 [-0.01509821]
 [-0.01409146]
 [-0.08019825]
 [ 0.09901439]
 [ 0.07931278]
 [-0.0538069 ]
 [-0.01181906]
 [-0.01194311]
 [ 0.08359454]
 [-0.13953942]
 [ 0.11826219]]",-390,0.9483200965693623,1.0028403913056274,0.2273321434171535,0.11051780889933506,"[[ 0.06950345]
 [-0.07189797]
 [-0.13140009]
 [-0.0537507 ]
 [ 0.05890305]
 [-0.05665833]
 [ 0.00164058]
 [ 0.05312196]
 [-0.11045737]
 [ 0.12091212]
 [ 0.1093599 ]
 [-0.10717121]
 [-0.01489022]
 [-0.01624666]
 [ 0.14512434]
 [-0.23842706]
 [ 0.16064108]]"
83,10.0,-1000,0.991570365545642,0.9985763715348299,0.15256345988972128,0.060401222194747965,"[[-0.00118924]
 [ 0.00443034]
 [-0.00284621]
 [-0.00086613]
 [ 0.00401149]
 [-0.00162393]
 [ 0.00030425]
 [-0.00431066]
 [-0.00202505]
 [-0.00117687]
 [-0.00516376]
 [-0.00564163]
 [-0.00683287]
 [-0.00049495]
 [-0.00322592]
 [-0.00949007]
 [-0.00977878]]",-680,0.953827935382677,1.0572348244541048,0.21487685919456984,-0.0019610905629660826,"[[-0.05733496]
 [ 0.08124073]
 [ 0.02985664]
 [-0.24582136]
 [ 0.31784785]
 [ 0.10491002]
 [-0.14408227]
 [-0.10822562]
 [ 0.00650987]
 [-0.00819251]
 [-0.05961222]
 [ 0.08765516]
 [-0.10690428]
 [ 0.02157531]
 [ 0.0506117 ]
 [ 0.00516108]
 [-0.1724612 ]]"
85,3.1622776601683795,1010,0.9053549595578231,0.9485718393755587,0.36751409855496514,0.2405928391519903,"[[ 0.03322654]
 [ 0.02625484]
 [-0.0005037 ]
 [ 0.00622035]
 [ 0.03428678]
 [-0.00256529]
 [ 0.04520645]
 [ 0.0159746 ]
 [ 0.03849784]
 [ 0.01601548]
 [ 0.00826495]
 [ 0.00868921]
 [-0.03052219]
 [ 0.02884396]
 [-0.02093392]
 [-0.02353929]
 [ 0.02514301]]",910,0.7918006961637843,1.106476332278191,0.4562886190079865,0.17959948095924078,"[[ 0.07742665]
 [ 0.09226931]
 [-0.05740786]
 [ 0.01787934]
 [ 0.25334795]
 [-0.61046114]
 [ 0.09165017]
 [ 0.5541624 ]
 [ 0.14186939]
 [-0.08426924]
 [ 0.29766123]
 [-0.30376623]
 [-0.14251723]
 [ 0.086101  ]
 [ 0.00648193]
 [-0.14062641]
 [ 0.16514671]]"
86,10.0,-470,0.9957118420139655,0.9989060581163303,0.154142185076485,0.04481606619712079,"[[ 0.00048779]
 [-0.00162784]
 [-0.00657336]
 [ 0.00316992]
 [ 0.00530633]
 [-0.00081089]
 [ 0.00052147]
 [ 0.00190792]
 [-0.00489228]
 [-0.00238845]
 [-0.00328554]
 [-0.00138662]
 [-0.00265464]
 [-0.0066406 ]
 [-0.0024401 ]
 [-0.00067917]
 [ 0.00386788]]",-1290,0.9612658402641903,1.039937289523898,0.19680995842642202,0.036736786782610394,"[[ 0.01496676]
 [-0.03082683]
 [-0.12922244]
 [-0.01776378]
 [ 0.13754405]
 [-0.07873013]
 [-0.01687579]
 [ 0.18965912]
 [-0.05660519]
 [-0.00209052]
 [-0.05520307]
 [-0.09065964]
 [-0.03174124]
 [-0.02209604]
 [-0.00197091]
 [-0.05190938]
 [ 0.05980835]]"
87,1.0,870,0.9651524886117807,0.989675930415639,0.21449623054330008,0.10166176213152568,"[[-0.02507795]
 [ 0.04783616]
 [-0.02069867]
 [-0.01794492]
 [-0.00309687]
 [-0.00641138]
 [ 0.01119064]
 [-0.03272964]
 [-0.00389102]
 [-0.01369771]
 [-0.00048685]
 [-0.03168711]
 [-0.00235022]
 [ 0.00859084]
 [ 0.00563698]
 [ 0.0511436 ]
 [ 0.0514879 ]]",1020,0.9442282430447066,1.0100086297491553,0.23616044748283535,0.08863886252366579,"[[-0.07303965]
 [ 0.1801046 ]
 [-0.00446782]
 [-0.08594492]
 [ 0.01222955]
 [ 0.06486305]
 [-0.04522363]
 [-0.13454459]
 [ 0.00624369]
 [-0.0446593 ]
 [ 0.02602378]
 [-0.10839273]
 [-0.06176451]
 [ 0.01485083]
 [ 0.01905494]
 [ 0.12544204]
 [ 0.11000704]]"
88,1.0,300,0.972043484381266,0.9895282559675469,0.17895692416001427,0.10893407863032102,"[[-0.00079441]
 [ 0.00796128]
 [-0.02852014]
 [-0.00966219]
 [-0.02819527]
 [-0.01467058]
 [ 0.00297741]
 [ 0.03147288]
 [ 0.01251804]
 [-0.01388772]
 [ 0.00436666]
 [ 0.02505811]
 [ 0.00186935]
 [-0.00565929]
 [ 0.01982738]
 [ 0.04036494]
 [ 0.036216  ]]",400,0.9555501426890346,1.0037208621330742,0.21083134802719766,0.10480398608268916,"[[ 0.04788976]
 [ 0.03230123]
 [-0.14360055]
 [ 0.07201245]
 [-0.14596257]
 [-0.14864415]
 [ 0.01809734]
 [ 0.24299893]
 [ 0.01711093]
 [-0.01835104]
 [ 0.02256612]
 [-0.03856452]
 [-0.04316943]
 [-0.03387039]
 [ 0.06934372]
 [ 0.06924396]
 [ 0.06213745]]"
89,3.1622776601683795,-1500,0.9702527416740363,0.980936058995312,0.19230821807310558,0.15428138397116803,"[[ 0.01657961]
 [ 0.00473271]
 [ 0.00602821]
 [ 0.02557117]
 [ 0.02391917]
 [ 0.02065878]
 [ 0.00480628]
 [ 0.00682702]
 [-0.00108669]
 [ 0.02052634]
 [ 0.00887056]
 [-0.00013438]
 [ 0.0048602 ]
 [ 0.00196857]
 [ 0.00195723]
 [ 0.01701185]
 [ 0.00259634]]",-1500,0.9485365538174279,1.048556632427542,0.22685556237961646,0.04368423435867389,"[[-0.02668651]
 [-0.02359081]
 [-0.01852416]
 [ 0.09397245]
 [ 0.07790559]
 [ 0.08231118]
 [ 0.01908255]
 [ 0.02926785]
 [-0.02882718]
 [ 0.16314277]
 [-0.01262917]
 [-0.04869176]
 [-0.01873961]
 [ 0.00975793]
 [-0.060647  ]
 [ 0.06764423]
 [-0.02898924]]"
91,10.0,-170,0.9887602895419919,0.9969455642695513,0.17996495687161398,0.021666920690129585,"[[-0.0034011 ]
 [-0.00088309]
 [-0.0015194 ]
 [-0.00148738]
 [-0.00122745]
 [-0.00162534]
 [ 0.00311295]
 [ 0.00977488]
 [ 0.00712317]
 [ 0.00191369]
 [ 0.00130199]
 [ 0.00297153]
 [ 0.00219406]
 [ 0.01694898]
 [-0.00039613]
 [ 0.00158663]
 [ 0.00404861]]",-1500,0.9456451568849512,1.0313519653827234,0.23314125142292724,0.04474734573696196,"[[-0.00287808]
 [-0.05922733]
 [-0.01854493]
 [ 0.04442374]
 [-0.06904954]
 [-0.02156355]
 [ 0.05002507]
 [ 0.21962615]
 [ 0.0580598 ]
 [ 0.01403868]
 [ 0.11019366]
 [ 0.02166987]
 [ 0.07513891]
 [ 0.04827055]
 [-0.16427323]
 [-0.0224645 ]
 [-0.05130414]]"
92,1.0,-640,0.9679767584497191,0.9873810327819714,0.22287055863699895,0.11089996082990883,"[[ 0.02932233]
 [-0.01478308]
 [-0.04483987]
 [ 0.00813422]
 [-0.0008928 ]
 [ 0.01267144]
 [-0.00502467]
 [-0.06240416]
 [-0.01263045]
 [-0.01822015]
 [-0.01069492]
 [-0.00587975]
 [ 0.02194247]
 [-0.03357637]
 [-0.00786188]
 [ 0.03526534]
 [ 0.03418649]]",-900,0.931052220885329,0.998395186167661,0.2625790911604945,0.1378529025022095,"[[ 0.068262  ]
 [-0.07216902]
 [-0.02810937]
 [-0.17672119]
 [ 0.05242971]
 [ 0.2947578 ]
 [ 0.05086409]
 [-0.41766362]
 [-0.00154953]
 [-0.04707662]
 [-0.17356476]
 [ 0.12606669]
 [-0.00160364]
 [-0.18746546]
 [ 0.04410957]
 [ 0.16008839]
 [ 0.05930926]]"
93,0.1,-1450,0.9001313645370063,0.9398931350121131,0.3177627366156457,0.23914063862456558,"[[-0.03894098]
 [-0.22394298]
 [ 0.03081891]
 [ 0.05503479]
 [ 0.09806543]
 [ 0.07332804]
 [ 0.04665705]
 [-0.08285502]
 [ 0.04965123]
 [-0.01858073]
 [-0.06359936]
 [ 0.01285834]
 [ 0.0366537 ]
 [-0.02783327]
 [ 0.00612963]
 [-0.06988683]
 [-0.02863342]]",-1450,0.8985072286253406,0.9467223849761753,0.3185793015477618,0.2360774323521888,"[[-0.04148922]
 [-0.2536868 ]
 [ 0.04566062]
 [ 0.03475837]
 [ 0.11646704]
 [ 0.10254735]
 [ 0.05612276]
 [-0.11412804]
 [ 0.05562091]
 [-0.02941542]
 [-0.07663487]
 [ 0.02831952]
 [ 0.05263282]
 [-0.03576789]
 [ 0.00497145]
 [-0.0804197 ]
 [-0.03208237]]"
95,10.0,1500,0.992647215594456,0.9992832628359575,0.2260256330460741,0.037124188888325076,"[[-0.00050793]
 [-0.00055169]
 [-0.00813279]
 [-0.00635852]
 [-0.0002624 ]
 [ 0.00368726]
 [-0.00098642]
 [ 0.0057708 ]
 [-0.00523257]
 [-0.00977683]
 [ 0.00060612]
 [-0.00218964]
 [-0.00130786]
 [ 0.00681842]
 [ 0.00090497]
 [ 0.00456949]
 [ 0.00051631]]",-160,0.8766236986712083,1.093126537599016,0.35124962822584166,0.06636915024439467,"[[ 0.0139482 ]
 [ 0.04281285]
 [-0.26277112]
 [-0.15139945]
 [ 0.12216823]
 [ 0.03849904]
 [-0.30805634]
 [ 0.02264059]
 [ 0.05306406]
 [-0.2066467 ]
 [ 0.20889932]
 [ 0.01861752]
 [ 0.08707396]
 [ 0.18546889]
 [ 0.23135394]
 [-0.030729  ]
 [ 0.02731495]]"
97,316.22776601683796,-1500,0.9990868268688866,1.0035307517199596,0.370258483070474,-0.3044090379356907,"[[-2.69623824e-04]
 [ 1.63794414e-04]
 [-8.18184348e-05]
 [ 2.10831406e-04]
 [ 5.00814850e-04]
 [ 3.71872454e-05]
 [ 1.53098120e-04]
 [-1.17754853e-04]
 [-2.06959012e-05]
 [ 4.57580528e-04]
 [ 4.75725704e-04]
 [ 9.80319051e-05]
 [-8.04397824e-05]
 [-5.90798540e-04]
 [-4.06752064e-04]
 [-1.85342453e-04]
 [ 1.88000464e-05]]",1500,0.7222366195653829,5.900334227952291,0.5270326179987506,-0.04743313142259922,"[[-0.10019567]
 [ 0.24733337]
 [ 0.13050769]
 [ 0.12417141]
 [-0.13158219]
 [-0.12713181]
 [-0.5887594 ]
 [-0.1236253 ]
 [ 0.31299759]
 [ 0.82329285]
 [-0.23796221]
 [-0.04348516]
 [ 0.05519286]
 [ 0.20839484]
 [-0.13741322]
 [ 0.53045319]
 [ 0.26908984]]"
98,3.1622776601683795,-220,0.9475128097371551,0.9837504359748219,0.26128975906581425,0.1270186829878612,"[[-0.01277384]
 [-0.02674669]
 [-0.02894833]
 [ 0.00619311]
 [-0.00513024]
 [-0.02627755]
 [-0.02252803]
 [-0.01987793]
 [-0.00106776]
 [-0.0129435 ]
 [-0.02727258]
 [-0.01325237]
 [-0.00022871]
 [-0.01968867]
 [-0.00758891]
 [-0.00335205]
 [-0.02169195]]",-250,0.8992899874686701,1.0611493020915046,0.3173484087423948,0.08042325581605024,"[[-1.76720269e-02]
 [-2.80462492e-02]
 [-9.24261413e-02]
 [ 7.88831624e-02]
 [ 9.35126770e-02]
 [-1.17504684e-01]
 [-2.88251728e-01]
 [-2.77325389e-04]
 [ 1.79619798e-01]
 [-3.43773390e-02]
 [-1.67234671e-01]
 [ 2.52525205e-02]
 [ 6.55406877e-02]
 [-5.21256153e-02]
 [-7.73364811e-02]
 [ 2.86857414e-02]
 [-6.52764712e-02]]"
