,Index,Mean_Diameter,SEM_Diameter
0,0,-0.11791429716616134,0.27270315615246654
1,1,-0.07466202657899272,0.18993635469003656
2,2,-0.13785871171199382,0.172736775636319
3,3,-0.18946965067912624,0.1722429194960414
4,4,-0.16065242824232032,0.17165414139133
5,5,-0.19274575142897749,0.1638748138058656
6,6,-0.229904376436675,0.16146741659494881
7,7,-0.22305641540916207,0.1655025711637207
8,8,-0.18748776283559887,0.16898139078841007
9,9,-0.2952872370113248,0.16707294427769265
10,10,-0.3405911269043762,0.16558374833188472
11,11,-0.27458443610383865,0.15711022923543486
12,12,-0.3057674707728729,0.15969213999352744
13,13,-0.3265767570450086,0.15313855415529784
14,14,-0.3406006194801613,0.14382651065995394
15,15,-0.3425780512120455,0.13546109560423017
16,16,-0.3580855288292252,0.1297085063021199
17,17,-0.31126941709997236,0.13713802663090022
18,18,-0.34706766993685023,0.13012764175880873
19,19,-0.372598885812972,0.13283820382967892
20,20,-0.3538937890785064,0.1343972957570018
21,21,-0.3256704873642397,0.14038405786866082
22,22,-0.334245530223619,0.13188209334494183
23,23,-0.3137030644059055,0.13563291221202292
24,24,-0.2829184535193094,0.12961046381003444
25,25,-0.2389246555057977,0.1293918092615618
26,26,-0.33576000210700085,0.13431295140870275
27,27,-0.2899758250629484,0.13126411920111852
28,28,-0.26761623069225654,0.13806306090156317
29,29,-0.3356403247834722,0.1378448509685483
30,30,-0.2302962543650068,0.1411252619842074
31,31,-0.312823118941854,0.1280154582178437
32,32,-0.3122155681214904,0.14176079776969197
33,33,-0.2693489659111887,0.1268238009704529
34,34,-0.3254230860287679,0.12177444618280754
35,35,-0.3238269546120083,0.12326243682043402
36,36,-0.2808854276744395,0.12397167485441662
37,37,-0.31102763980201187,0.1243782785081514
38,38,-0.35713406405150666,0.11957302007855486
39,39,-0.296487579236055,0.12120135797386174
40,40,-0.2880560330357563,0.12144931951922731
41,41,-0.3123080689408863,0.11932488418029108
42,42,-0.27345650366508273,0.11732282250963749
43,43,-0.28782097894594577,0.10752343239024888
44,44,-0.3002597092950683,0.11664838270814601
45,45,-0.3236642495787096,0.11275443777063894
46,46,-0.29080181582827536,0.1060750627094914
47,47,-0.2793817533137328,0.10885778785350134
48,48,-0.2727705674415506,0.10612864708078715
49,49,-0.3354039909815165,0.10379954408109852
50,50,-0.2587677167832512,0.0988773559863035
51,51,-0.2354785102014194,0.10075156730844859
52,52,-0.24072560724961534,0.09495805354494578
53,53,-0.21322082509091125,0.09561981943098323
54,54,-0.2622860141602182,0.09414654808479313
55,55,-0.20468256750466482,0.09217518969389163
56,56,-0.2685270636275406,0.09132092316670981
57,57,-0.26997991403228505,0.09007164024554633
58,58,-0.19756874125417667,0.08978019414168428
59,59,-0.22569923545345144,0.08931403195819171
60,60,-0.16037485062878795,0.0995685965783079
61,61,-0.20249932694965148,0.0968277480291811
62,62,-0.16468711906445196,0.09813369367005713
63,63,-0.16137688935294395,0.10143723580454943
64,64,-0.15472793517950575,0.10140391854976424
65,65,-0.14175003311979253,0.099017033472676
66,66,-0.13896078038292747,0.10102970985390115
67,67,-0.09937416349831668,0.09902811356590666
68,68,-0.1378841484665466,0.10416165660510482
69,69,-0.14237284181837476,0.10496843176983817
70,70,-0.10154551424658584,0.10079339747159984
71,71,-0.12290028700940837,0.11385280582222976
72,72,-0.11335194015466794,0.10416924622919596
73,73,-0.1485261206754423,0.11088430388511496
74,74,-0.10024685923290448,0.10476622629821758
75,75,-0.16050613653451873,0.10357309887353182
76,76,-0.09848881421706557,0.10949269653917196
77,77,-0.09023359592701578,0.10947900550307675
78,78,-0.06548000310607778,0.10466221168536032
79,79,-0.07385342684173152,0.10768578367652072
80,80,-0.06996415328086598,0.10546797722437273
81,81,-0.08888903939582396,0.11345557571859148
82,82,-0.0707267314623733,0.1161520263881628
83,83,-0.0954186755427742,0.11034685782571906
84,84,-0.06468599373351469,0.10631874309264662
85,85,-0.07125324139164078,0.10995235374147475
86,86,-0.025913266785233164,0.1061970335325816
87,87,-0.07348621884552325,0.10340428421423799
88,88,-0.05446362365979642,0.10385775382414865
89,89,-0.07817146049220776,0.10533643566289146
90,90,-0.07669484165917166,0.10972063172803749
91,91,-0.11347783851948981,0.107962561430768
92,92,-0.1144015214023622,0.10657843653709051
93,93,-0.09559849343955626,0.11023106809121354
94,94,-0.13306225751955156,0.10675760975388676
95,95,-0.019304257406457588,0.10776777559606021
96,96,-0.10788551950708337,0.10928331765667591
97,97,-0.13695079363807514,0.1198564828856817
98,98,-0.10272195334951383,0.11879187876647293
99,99,-0.13495277854688878,0.1208389358940285
100,100,-0.0724712828046068,0.11768868836321575
101,101,-0.13513969184564292,0.11647076978672342
102,102,-0.10921979702734562,0.1156552156168291
103,103,-0.10803541678532684,0.11240563541604912
104,104,-0.10627256855410282,0.1118517718227337
105,105,-0.1411454718789258,0.11001779826511565
106,106,-0.17584659007835923,0.1153582117199975
107,107,-0.1687573389227031,0.13733964354268904
108,108,-0.20232588983211985,0.16125006759870342
109,109,-0.18631289111442656,0.18292536838631687
110,110,-0.2584515708391083,0.18272770308305433
111,111,-0.1967253392037949,0.17151362289034988
112,112,-0.1323511489689994,0.1981393525496395
113,113,-0.01219155504546701,0.11769844797059041
114,114,-0.017058383755562685,0.11465518123637383
115,115,-0.00841109880996131,0.10837281802276288
116,116,-0.0011113423681365494,0.1061627921767079
117,117,0.05761786073446794,0.11371753947635521
118,118,0.025746475413171967,0.09318513566304175
119,119,0.01102055177130723,0.08909682157795111
120,120,0.015567231920831204,0.09317430141695852
121,121,0.049007853585943784,0.09303025745057786
122,122,0.10815957119761029,0.10591659474312139
123,123,0.04495845371216213,0.09853933276502046
124,124,0.021472776224339882,0.09692222061191316
125,125,0.1295948746138379,0.10152106737913323
126,126,0.048661491941093746,0.09935198588796966
127,127,0.08734916922335866,0.09071045421564258
128,128,0.1317715050646015,0.11264712850499874
129,129,0.08458372791443397,0.0974753428919052
130,130,0.10715533730493575,0.10649042722793078
131,131,0.0935856383158334,0.10461430420198481
132,132,0.06092425423366594,0.12233352758733876
133,133,0.08559537682559262,0.1278675626074141
134,134,0.1838548550351511,0.12593016256482667
135,135,0.06836520721281675,0.10568786640046134
136,136,0.08077617486858246,0.10763808019464977
137,137,0.0866893473500826,0.1001877265943633
138,138,0.18050609101449602,0.12544134777878627
139,139,0.12622672867971105,0.10959113727815709
140,140,0.11769032584790061,0.11505216266401842
141,141,0.16368281948187088,0.11944177783282522
142,142,0.0850788567233415,0.11856711700895756
143,143,0.20506687285948774,0.12099579628221867
144,144,0.2794005842523787,0.12763041079830856
145,145,0.260783977041512,0.1318130441347452
146,146,0.3466743796279164,0.11680664902944864
147,147,0.34760354059824333,0.10620082818231012
148,148,0.3598495569857283,0.11629798305243665
149,149,0.31980021212349874,0.11798081698191641
150,150,0.3842300370986658,0.11835803474591942
151,151,0.4925382715412147,0.12121180681328896
152,152,0.45981782584419306,0.12503017970140962
153,153,0.3473490167900768,0.10455234342727746
154,154,0.3538251667036948,0.10443234710101759
155,155,0.3739452038082973,0.10428246769421695
156,156,0.32245038349746463,0.10539651395451556
157,157,0.34141798076227325,0.09677372091589749
158,158,0.38848097124243,0.10627086225783687
159,159,0.3239143331201926,0.10769513339553177
160,160,0.42211171899278366,0.11155762675623297
161,161,0.46250994188040756,0.10891699909865697
162,162,0.40542673001405655,0.09858355277617291
163,163,0.4363462142526495,0.10152636130147857
164,164,0.43027456921896695,0.11234821881279822
165,165,0.4266700433718982,0.10921216540654027
166,166,0.3570678270981733,0.10142031073744547
167,167,0.42552234707065195,0.10400789230191858
168,168,0.4043419929864697,0.10646758862437075
169,169,0.3559307345476844,0.10483544159919025
170,170,0.41720343094668644,0.12210574283432747
171,171,0.42923028462954216,0.10240794954394017
172,172,0.5137494620706149,0.11006918136671617
173,173,0.4194623212762888,0.10179162815487902
174,174,0.47278276694417926,0.10775359082003003
175,175,0.42671951596528923,0.11025399864706674
176,176,0.5041982014148573,0.11477443541953644
177,177,0.4602045677386868,0.10920224530931771
178,178,0.479102999664919,0.10724831193536134
179,179,0.48114244752883645,0.10685091183698361
180,180,0.41086053199063577,0.1144074342482186
181,181,0.40980715870010737,0.11562763155080567
182,182,0.3537323752727621,0.11362134179991203
183,183,0.4017747472939983,0.11123086471511996
184,184,0.4467596875209009,0.1132037562360343
185,185,0.4681557460452924,0.11694718516347187
186,186,0.3738148630560296,0.11591464777374763
187,187,0.34316736540249765,0.11647375367596202
188,188,0.3095118432420395,0.1301879186172889
189,189,0.27816479166064256,0.11665745076599558
190,190,0.28456688746049347,0.12251978152082804
191,191,0.18496509443258422,0.12351447062301583
192,192,0.2875848469440236,0.13085501375839298
193,193,0.2722042908865575,0.12926609392315483
194,194,0.2937986190124656,0.1244373147720104
195,195,0.24533758058596847,0.12763397665186216
196,196,0.20788328743944187,0.12414062156425965
197,197,0.19370764284125308,0.12684363980094807
198,198,0.22494889485979339,0.13356384322652046
199,199,0.17228335139168338,0.13277680591184057
200,200,0.14660886967812434,0.1294915604974028
201,201,0.1320002453348803,0.12864501226768846
202,202,0.21564940075738756,0.14086748118336373
203,203,0.09883183565600247,0.13369000634560893
204,204,0.11898865843510015,0.1413172459615198
205,205,0.18750088900943426,0.1435372376243902
206,206,0.17363394393706955,0.14220207823073977
207,207,0.1933444187008889,0.14467998601865364
208,208,0.14216105319495848,0.13886389313775713
209,209,0.22725123381258489,0.14398380886847428
210,210,0.1551920518561732,0.14806131709273382
211,211,0.19970345787191066,0.1448137410816615
212,212,0.19156822009094404,0.14495227696961743
213,213,0.2542000758145675,0.14986551708070037
214,214,0.2573720828799909,0.15949612081196804
215,215,0.2135947504327237,0.15290437507721508
216,216,0.26544945699627065,0.1591613204647937
217,217,0.18770757409296354,0.164887050858451
218,218,0.25983558739302653,0.17067546125417282
219,219,0.3272375862890333,0.1644459785145446
220,220,0.20917436009788257,0.16491919157718998
221,221,0.19507463469437708,0.16816698646628042
222,222,0.10510623242978315,0.16907691696405944
223,223,0.119937981991291,0.16708986730189226
224,224,0.19952605739033208,0.1630384963297734
225,225,0.10963672334985658,0.1633578796412661
226,226,0.1723113980608402,0.16818770229301414
227,227,0.21823879997697568,0.16466661821210588
228,228,0.21258278610782985,0.15980653412292473
229,229,0.17070992091875636,0.1649388502966459
230,230,0.20817815398851672,0.17678739134008856
231,231,0.22073132630238773,0.1756834704951302
232,232,0.17516027716077867,0.17101876359918192
233,233,0.21242929105091474,0.1759099284075884
234,234,0.18161269374148836,0.1791942094087885
235,235,0.14027174290031036,0.176194011285231
236,236,0.1306406832958569,0.1792694874223461
237,237,0.1462237999693085,0.17567605317312426
238,238,0.26635810116390907,0.18591670255599177
239,239,0.31668235461842764,0.1811858704615555
240,240,0.29375397739178993,0.17467153005410513
241,241,0.3790899575719065,0.17950866404399943
242,242,0.36806911605400067,0.17565406324495908
243,243,0.34252707185416753,0.17981032867148627
244,244,0.3457347725335713,0.18663086767136586
245,245,0.34982048111114733,0.17841054361233255
246,246,0.42092178429809923,0.18054178776620367
247,247,0.41058795892354416,0.1766553923958914
248,248,0.39487310355137567,0.181004331766151
249,249,0.3227210673677364,0.18213719412151735
250,250,0.34071993055200633,0.18186744332697571
251,251,0.33179016822690005,0.18103703780665453
252,252,0.3900184795275055,0.19253321968870962
253,253,0.447358822775817,0.1919202976416288
254,254,0.44584508587245897,0.18865226831977677
255,255,0.496037565723745,0.19037011997329212
256,256,0.5548711288104571,0.19059528936231518
257,257,0.5036620062482313,0.20071189962669747
258,258,0.5668806205448902,0.19290242180133693
259,259,0.6159448559655029,0.19413655542629812
260,260,0.6280087782247288,0.1977518459132704
261,261,0.7012578609590707,0.20713471690456522
262,262,0.7558701549827024,0.22857774553898105
263,263,0.8252038734895757,0.2312750144435215
264,264,0.7427236753359882,0.2267493004134849
265,265,0.7935176592817823,0.2296788001776121
266,266,0.8517836731577304,0.22746968893312466
267,267,0.8190385275587129,0.23518105713228418
268,268,0.8065215841310078,0.23854726579060315
269,269,0.8040923558680803,0.23419524344620343
270,270,0.8699751735502722,0.23462028220051998
271,271,0.8848427335460449,0.2285084760953503
272,272,0.8572463693266545,0.22672779598656298
273,273,0.8339726518361905,0.23225267722075518
274,274,0.794093729267646,0.23128683912399786
275,275,0.8264712392546991,0.2284543878051532
276,276,0.7991407403583289,0.23443981051027116
277,277,0.8447649593409718,0.2370614797825751
278,278,0.782275648237248,0.2395927204741231
279,279,0.7567813574390364,0.23953666854976763
280,280,0.7352408354960553,0.24023417028554322
281,281,0.7940561991808643,0.2460945865217095
282,282,0.8036740358076819,0.23536625467240394
283,283,0.8490237841347194,0.24868335202644595
284,284,0.758547968642662,0.22440299088845436
285,285,0.7408504316437967,0.24146639527040523
286,286,0.7804516278130574,0.22897083918345254
287,287,0.7987904110643337,0.24395157152349117
288,288,0.7450264195653925,0.23417644491410172
289,289,0.7045620738012992,0.23621540048437703
290,290,0.7183343104588493,0.2353282483643856
291,291,0.7000405571483267,0.231233658703564
292,292,0.6769095642946876,0.2305973477092984
293,293,0.7156014376240444,0.22217202907031755
294,294,0.7223548077699907,0.2265297511146648
295,295,0.6055748065797711,0.22881538856380804
296,296,0.6602364255048573,0.22662781216994807
297,297,0.6236743685026229,0.2290867302240693
298,298,0.7012060892331777,0.22478074658965014
299,299,0.6490293819445956,0.21686188809359305
300,300,0.6112580890171815,0.2117454179214831
301,301,0.64186007132928,0.2137394779744679
302,302,0.6355701207537278,0.2151731066087352
303,303,0.551836178981155,0.21557032434107956
304,304,0.42878556098743686,0.21625053771663075
305,305,0.4796592753408779,0.21661994237890878
306,306,0.4572168581693748,0.2233747951378467
307,307,0.42562142813117315,0.21787404261361162
308,308,0.3948913758466326,0.21401577350920192
309,309,0.3010738819930121,0.25519627425756586
310,310,0.1836377672414453,0.3140649854751453
311,311,0.20111449759519512,0.28457066064813735
312,312,0.2944558055503795,0.2334985235429813
313,313,0.41776387491176153,0.20969872070845555
314,314,0.5401696282750483,0.21736071948941424
315,315,0.46203220620972457,0.2185103802908313
316,316,0.5243245060130141,0.21990311785054134
317,317,0.5242305407097606,0.2207772179008414
318,318,0.518890230674946,0.21390947859560963
319,319,0.45871278852172304,0.21970419993840237
320,320,0.4724179392361208,0.21853304971431511
321,321,0.476792190293346,0.21943707071362925
322,322,0.44560480271864206,0.22867631417404352
323,323,0.5027193504098677,0.22490816160000823
324,324,0.4886437503818326,0.2261775578089141
325,325,0.5711672843335881,0.23439866470650278
326,326,0.5427958069493846,0.22110884493249616
327,327,0.6396693734289817,0.23661410996948612
328,328,0.6220842816442969,0.2303321688487249
329,329,0.6493565374291321,0.22770383111777465
330,330,0.7188082169034956,0.23047847440048935
331,331,0.6188023662243731,0.2265698015092029
332,332,0.6073540855387589,0.240837435142597
333,333,0.5935830906672911,0.23189771939470505
334,334,0.5992009752415123,0.22207539279088973
335,335,0.5906882428292856,0.22928940161193115
336,336,0.5269830506565468,0.22496650152703812
337,337,0.5498109100789091,0.2317377904438664
338,338,0.49260372748198467,0.21959863233172777
339,339,0.503212460462381,0.22143908957549213
340,340,0.5591613304306544,0.23208826104201025
341,341,0.5027553881691638,0.23009335845506085
342,342,0.5633326080944854,0.22239696654425412
343,343,0.5262017329263202,0.2258292373644251
344,344,0.6009928403624308,0.22608878322677728
345,345,0.40275965862109286,0.21927061272664075
346,346,0.5261028222813887,0.22011614203332167
347,347,0.4869080899361239,0.2268817779795051
348,348,0.4883694598135493,0.2179454552279645
349,349,0.5406022077012566,0.20962790615821378
350,350,0.5057116900346232,0.20992828522937257
351,351,0.45633421854565226,0.21001822444939178
352,352,0.5441495516594308,0.21947788803605753
353,353,0.5483276110838318,0.21798754290693823
354,354,0.5388630337592836,0.21631741056145323
355,355,0.6602651998194881,0.2195445102387958
356,356,0.5865384158996031,0.2327393702567419
357,357,0.3912284321477207,0.22058505369444834
358,358,0.4231399800067798,0.22459359685165753
359,359,0.43455441303325026,0.22203217388073657
360,360,0.4516919911807387,0.228066151025903
361,361,0.3733673315349698,0.22435100790524834
362,362,0.40392260644802414,0.22243107233721118
363,363,0.382802827145438,0.21977294822176577
364,364,0.3919976259447234,0.23264107280262633
365,365,0.38992567889694846,0.22230605623542338
366,366,0.295289766158775,0.22266870821963589
367,367,0.37162341691890705,0.22688164598125132
368,368,0.3306252164019296,0.22940949800192956
369,369,0.3406608049287845,0.22309164287875716
370,370,0.3057215095836208,0.22561846031296018
371,371,0.341855344123622,0.2370436935822601
372,372,0.43159098744540875,0.23336568076489475
373,373,0.3938871397105785,0.22815604718531599
374,374,0.4501238163098814,0.22752048348456855
375,375,0.5341804912772999,0.2283812006477284
376,376,0.5411169917551366,0.2224956086091975
377,377,0.5083169905426854,0.22678152438311933
378,378,0.6017692004216398,0.22321798580149213
379,379,0.5361843456634224,0.22389584114843225
380,380,0.5640511499263156,0.23120560751538732
381,381,0.6015896820855932,0.23585387232122904
382,382,0.5384076087058243,0.23605197479033777
383,383,0.45122835463862965,0.2355084833495207
384,384,0.4404573083719538,0.24342131331869837
385,385,0.42835255919497267,0.24180962037333642
386,386,0.4481167433182261,0.23860400135950524
387,387,0.46213383969107036,0.2323825903062831
388,388,0.48656818433947086,0.2390866348783954
389,389,0.5110559067853696,0.23662002657671213
390,390,0.49945979199478857,0.2388946063504236
391,391,0.5691543337311984,0.24581863452830577
392,392,0.514238494946783,0.24042971819576053
393,393,0.5911311380925931,0.24848488828043794
394,394,0.5696678281468169,0.24489943542600912
395,395,0.6047470431145737,0.24746400072929053
396,396,0.5858416184038436,0.23838989855308826
397,397,0.5612061950759624,0.2421126587517251
398,398,0.5258573295955494,0.24241126783126565
399,399,0.4982281825727334,0.23977068625773718
400,400,0.568541914989426,0.2472747876923168
401,401,0.5396563237825984,0.24899321515118036
402,402,0.6121736546571994,0.2480684997652222
403,403,0.5622452313286054,0.24854331295951357
404,404,0.6112057482630704,0.24561727311812204
405,405,0.5462476580548298,0.24448735827727655
406,406,0.535683336335296,0.2625740845738266
407,407,0.543572071635895,0.2538612791496831
408,408,0.6006162736552167,0.24884137945837323
409,409,0.7151079794904281,0.25365709968756167
410,410,0.6849945881736564,0.26432412245762343
411,411,0.6202294884329538,0.25410615097042744
412,412,0.6829189052112467,0.2571247462270609
413,413,0.647807291715193,0.25648162209448455
414,414,0.5773947997315672,0.2532730838950393
415,415,0.5756260974936492,0.26239717070095914
416,416,0.6023333914464527,0.2585346969125874
417,417,0.544806259260405,0.25819761400295477
418,418,0.6441572362172474,0.2622863072575076
419,419,0.6194882134117519,0.26047532116933636
420,420,0.5681089360207996,0.259389477603247
421,421,0.5549041987745047,0.26219964136773316
422,422,0.569246216067568,0.2573192309963757
423,423,0.6167720777073832,0.26761017140533044
424,424,0.5817681373243282,0.26230151462713586
425,425,0.6290876256452171,0.26254721523561286
426,426,0.6506945123290224,0.25839424309047915
427,427,0.6947336840410531,0.2741868009797655
428,428,0.730382457820785,0.2681999207985416
429,429,0.6948170462484102,0.267560589151385
430,430,0.6468792381782029,0.26304740794335896
431,431,0.5895312992001555,0.25711576677745707
432,432,0.5541808720869043,0.26655508133801975
433,433,0.5091917007962115,0.2638466318812276
434,434,0.47527459179306447,0.2639426486199676
435,435,0.5008627141684815,0.2633264281772926
436,436,0.6025631044791698,0.26776610778382587
437,437,0.5380783119891266,0.26213468945733065
438,438,0.5876579336004881,0.26371929177750303
439,439,0.5702094985164349,0.2610621814172917
440,440,0.6197006607261311,0.2631896132753127
441,441,0.6082705352057969,0.2673948899418128
442,442,0.6544766322767362,0.2645575476542098
443,443,0.6689113596766069,0.2639085388285062
444,444,0.5830478255833861,0.2633781981169113
445,445,0.6292508469751591,0.2640268621072488
446,446,0.6399527038723755,0.2705077739967945
447,447,0.7065156212113111,0.2704325607504685
448,448,0.6479351243165009,0.2679738203552438
449,449,0.6734301518285032,0.2696909839481379
450,450,0.6771073331673464,0.2650081961590048
451,451,0.692727093536479,0.2622651399803603
452,452,0.7419657597674302,0.27409978369770693
453,453,0.6986476534321059,0.27065660445557527
454,454,0.7816290197216624,0.2597553260806963
455,455,0.8095801705682186,0.25339201195872824
456,456,0.8167492805996264,0.2683102714297725
457,457,0.8706453666841287,0.27370561484906236
458,458,0.7419516973664487,0.26319990126962844
459,459,0.7861498092526683,0.2646659296953749
460,460,0.9161918531914245,0.27405227003628774
461,461,0.8609051565901228,0.28236832097027775
462,462,0.7960988499853295,0.27782460469529163
463,463,0.8424354117998007,0.272316248242967
464,464,0.8357015413218565,0.2755293062998064
465,465,0.9743646290309584,0.279935935013553
466,466,0.8963749540527183,0.2764168785398051
467,467,0.8353734296619609,0.2772980063712237
468,468,0.7714229649032506,0.27777233730765527
469,469,0.8074748777275753,0.2764320065479919
470,470,0.8592178726254057,0.27325383726713465
471,471,0.901957386089483,0.2664475254258234
472,472,0.8846844540133958,0.26954306173705395
473,473,1.006067830364277,0.2799935184285904
474,474,1.016962677171322,0.274168692545752
475,475,0.962463808094415,0.2676414314857375
476,476,0.899273320765188,0.26355196512714457
477,477,0.9363347457827931,0.26577756156452464
478,478,0.9568206113794012,0.2654975796299059
479,479,0.919430868146733,0.26171405211839116
480,480,0.9477736888710246,0.2558014590671225
481,481,1.0188253478816647,0.2619466611938962
482,482,1.018366853196436,0.27109124699875753
483,483,0.9096427634520791,0.26183076725876797
484,484,0.9345098292883691,0.2575506313621705
485,485,0.9452981061668915,0.2600354304425257
486,486,1.0636776033048396,0.25269494335882475
487,487,1.124769772684646,0.24611075121845644
488,488,1.0953724183331708,0.2479921360589683
489,489,1.0906344874162561,0.2368743291178884
490,490,1.0854722977466225,0.24512648771158485
491,491,1.046046304841593,0.2454790634033137
492,492,0.9811813020464536,0.23592233924965136
493,493,0.943407176340771,0.2415208271952444
494,494,0.9480423284357603,0.23293946374410543
495,495,0.9830937504841538,0.23657606861153047
496,496,0.9798825971879379,0.23762726196441508
497,497,0.9753020963052722,0.234680676028029
498,498,0.8959590770482376,0.23411230539856237
499,499,0.9017467093279684,0.2355911611115805
500,500,0.9023927754057,0.2329126209476357
501,501,0.9189506511304582,0.23363300679326648
502,502,0.8799807228299341,0.23078276347814117
503,503,0.9069600096330623,0.2360014012736944
504,504,0.872872821926734,0.234824884600092
505,505,0.7294376512080967,0.24059587463293616
506,506,0.7553450372932917,0.22913864806559883
507,507,0.722120643553585,0.22995329336297343
508,508,0.7542663845133856,0.22944205968659648
509,509,0.7318067716631866,0.23401653416274015
510,510,0.677398026768586,0.23887689312925267
511,511,0.6804059447923037,0.24392337547512458
512,512,0.6597401647297546,0.24451594170026222
513,513,0.5783549099867386,0.24815055356046556
514,514,0.593703940746401,0.23807249921356421
515,515,0.516617337246749,0.2449558468869842
516,516,0.567827712680504,0.24883519167270074
517,517,0.4676895758855411,0.24437797286375615
518,518,0.5581050580156801,0.24057781230567957
519,519,0.49393853780285313,0.2596931326573546
520,520,0.4266179297227391,0.24975314315788705
521,521,0.4936695686059097,0.24302024774075756
522,522,0.5295994720656885,0.24365087995824125
523,523,0.5729670495207143,0.2566222613284842
524,524,0.5860236291538686,0.2555710060026154
525,525,0.4877805686913124,0.2409524887353803
526,526,0.49094305352773365,0.23486533243120092
527,527,0.5437052776973329,0.24329075025142954
528,528,0.48284974602064035,0.2355084874356338
529,529,0.48756966210698893,0.23864899752810936
530,530,0.4996738744957768,0.24263080809966012
531,531,0.48383122039502036,0.23325998008872925
532,532,0.5047709382757148,0.23300632810066813
533,533,0.5084649692746783,0.23153785661507498
534,534,0.5077201211813841,0.22832166030363124
535,535,0.5547489611639511,0.24331454230107685
536,536,0.5139084003443033,0.23747226849829756
537,537,0.46550202029756066,0.24324730701109715
538,538,0.44611113385481493,0.24723034186980825
539,539,0.3719768889695225,0.25807688897978437
540,540,0.4342475391923049,0.28012038897800506
541,541,0.4184444477919173,0.29552811097300374
542,542,0.34754936828856464,0.3192282934088889
543,543,0.40028587618413075,0.2992246006508764
544,544,0.7021790307538563,0.25492133768351555
545,545,0.7170755251893555,0.25188331540102366
546,546,0.6940404913106433,0.25279910964973074
547,547,0.7306512714449562,0.25838460068385427
548,548,0.6887214521527756,0.25326426248980893
549,549,0.6574287137627959,0.23729158890711666
550,550,0.6759494006525337,0.23855544914678714
551,551,0.6170880856499188,0.25296030838854655
552,552,0.6326142318116155,0.24648092514184053
553,553,0.6856038962903332,0.25554353581757494
554,554,0.7305150680104804,0.24654427698034
555,555,0.7080872682850438,0.2449584495250116
556,556,0.6750601297628978,0.2422764069792437
557,557,0.8284869459646614,0.2546845294996017
558,558,0.7610336981637373,0.25036521153309016
559,559,0.7665395183065161,0.25615846506968104
560,560,0.7756986964045355,0.2531416839593724
561,561,0.7250829313938141,0.25722273993515465
562,562,0.7532350706422607,0.24854314678690465
563,563,0.5905724399764422,0.23501849888079307
564,564,0.5189546090987964,0.23420083296575392
565,565,0.548128302841919,0.2286376886196135
566,566,0.5869566801059992,0.23418552609752166
567,567,0.5378574973874728,0.2307263929265996
568,568,0.5203731460409085,0.23335861832850288
569,569,0.521592285174147,0.23353329104349727
570,570,0.565273824166226,0.22818460573203772
571,571,0.5291305613501999,0.22976965698027185
572,572,0.5620380308355819,0.2298010541143421
573,573,0.563271451811527,0.23156286126317435
574,574,0.42905919724243885,0.25536327645599755
575,575,0.3751919707637416,0.26937787738840735
576,576,0.4133135497355458,0.24851351891781867
577,577,0.5353162539167042,0.23380747257326956
578,578,0.5525781925266843,0.2351400575299751
579,579,0.5361626996473631,0.23383288587802742
580,580,0.49564708071498687,0.24081442828826904
581,581,0.5223246590763435,0.24800601992759247
582,582,0.5848626211740862,0.24111865249000894
583,583,0.5960780088275266,0.24422470257145695
584,584,0.4696797495606626,0.23711704653182078
585,585,0.5057900467976012,0.24116914176055834
586,586,0.5581721947731273,0.2407203507281712
587,587,0.4828652928244204,0.24514199527115718
588,588,0.506891416987974,0.24001530701322485
589,589,0.48486538585631467,0.24891081104976337
590,590,0.48509212226439985,0.24751026730484105
591,591,0.5133189317762731,0.24440166821981701
592,592,0.46047745669051243,0.24588720875373363
593,593,0.47112958759702245,0.2435794655602254
594,594,0.5126300537797346,0.2509590715807476
595,595,0.55022054837113,0.24251314794713655
596,596,0.5456582679388271,0.24143864391349557
597,597,0.544319414948676,0.24968574549398365
598,598,0.5349389391391588,0.2500603799225729
599,599,0.5677128945601532,0.2516381924739884
600,600,0.6562598294130196,0.24871544857128494
601,601,0.5946694689539092,0.2548644260199629
602,602,0.5125861678991833,0.25905765523985763
603,603,0.5534870221542351,0.25470058242071925
604,604,0.5569189539395835,0.26088505237014925
605,605,0.5828849994397766,0.2647541461197719
606,606,0.5792934068857343,0.26036098716407274
607,607,0.519004551449465,0.26868812809119025
608,608,0.5049070195404488,0.262324037911706
609,609,0.5157546278402669,0.2661026587741975
610,610,0.47343543160718937,0.268390852470992
611,611,0.5219776292354876,0.26658612180056734
612,612,0.549413927024135,0.27100811602382285
613,613,0.4887711109054499,0.2665696790429396
614,614,0.4939256084075056,0.2699703747545561
615,615,0.5333062449236329,0.27517884565651063
616,616,0.4564335918002476,0.27532944461030323
617,617,0.39873198479201166,0.2739100085551335
618,618,0.40592619535676117,0.2771204729045838
619,619,0.4144425422561946,0.2761389536993807
620,620,0.36830022889657243,0.27943303932677543
621,621,0.34043201421601993,0.27553883558580955
622,622,0.41031801373978044,0.27745904593290394
623,623,0.35769602678480616,0.284137211720674
624,624,0.34991434629603124,0.27813569982596537
625,625,0.42150329953725685,0.28100511150287366
626,626,0.38683635981160314,0.2765027350317064
627,627,0.4433912361457812,0.28031329117577763
628,628,0.42165279274136264,0.2860514603895799
629,629,0.417200894511592,0.277760672819465
630,630,0.45705270836096,0.278312768714069
631,631,0.44483720710164865,0.284937129026682
632,632,0.3885795405260728,0.28192692296370014
633,633,0.4045117325771231,0.2811463210930652
634,634,0.4529001530460782,0.27950769323684005
635,635,0.4549026037163672,0.28202513608355345
636,636,0.44694218199449126,0.28646608998889334
637,637,0.46722791985243495,0.2853731672401505
638,638,0.523019038651681,0.2879520952001423
639,639,0.5457585131031654,0.28503745029551625
640,640,0.474252922963818,0.2877392154309871
641,641,0.4980782322856482,0.28904230485664345
642,642,0.5342144851424668,0.28845330662765883
643,643,0.4573846271639739,0.2936911444209495
644,644,0.49750566815484243,0.2959176456970273
645,645,0.45180411947969656,0.30224928700459625
646,646,0.5523561528223272,0.3004143087755522
647,647,0.4604076541765038,0.3019513111256138
648,648,0.2702977927033442,0.3349521821957377
649,649,0.39866517962393416,0.3015995202043343
650,650,0.4406046462111606,0.3005268862988291
651,651,0.45923220137985277,0.304953384283888
652,652,0.47315475075738916,0.3025021052556385
653,653,0.5048855994726631,0.305710590050052
654,654,0.47518145640457765,0.30371790162842793
655,655,0.5651962362259605,0.302008551815998
656,656,0.6028683667607265,0.30491504025006655
657,657,0.545811794344597,0.30491859071452104
658,658,0.5921806706177408,0.306626064731918
659,659,0.46347725830859676,0.3060349270878194
660,660,0.5560575196035709,0.3184621297313622
661,661,0.6285982485366612,0.32298910231168837
662,662,0.5835340176950067,0.3174634643867579
663,663,0.4814498773998774,0.31442745688588075
664,664,0.54747270631605,0.3125371408479978
665,665,0.6179767213069571,0.3196658750518744
666,666,0.5773483516523017,0.3228637094603958
667,667,0.5736233499950627,0.3184458608291921
668,668,0.5621482634266793,0.31666287157171946
669,669,0.6063158537697808,0.3216903414441044
670,670,0.6358122620919002,0.3193052135321469
671,671,0.640077279441531,0.32374559363144434
672,672,0.6724906681733994,0.32216140602282317
673,673,0.6307799262504392,0.30888370053415454
674,674,0.5837333468374031,0.29982836631887205
675,675,0.5413426527189285,0.3121482685162794
676,676,0.6113299012428688,0.2932047914096394
677,677,0.6265432798766207,0.3028432656587219
678,678,0.6595454577853547,0.306432313485028
679,679,0.6403221305638062,0.3025574317472597
680,680,0.6398019731773485,0.30199643492875905
681,681,0.6446748425445296,0.3077646120192273
682,682,0.6785243917537186,0.3023361081581071
683,683,0.6218234454953537,0.2973647895431735
684,684,0.6604409576462658,0.3193764313390566
685,685,0.6702079173352556,0.3051005804220728
686,686,0.6253903804766561,0.30364204157193514
687,687,0.5943920032900469,0.3034591968798061
688,688,0.6948932249950595,0.2966711206251606
689,689,0.592577817372906,0.2975439454646411
690,690,0.6027024948752754,0.29898109043603144
691,691,0.5625674337099781,0.3024580281450177
692,692,0.5226537609704786,0.2731477594047814
693,693,0.44287675315281627,0.27119003901182803
694,694,0.45058467043839795,0.2711304861175719
695,695,0.44300483468102797,0.27656432440975526
696,696,0.4054797856086508,0.2628386228790407
697,697,0.3458033195265892,0.2685189670787694
698,698,0.38773769264354785,0.266251587307873
699,699,0.37566315100868686,0.2554141409140452
700,700,0.42469525631687677,0.2650769826527247
701,701,0.39966735647329693,0.2640907002355888
702,702,0.3684032030299185,0.263557476354774
703,703,0.45462313337823207,0.26468274901318617
704,704,0.44184022868874967,0.26836732761545085
705,705,0.44039876856078997,0.2706555966228352
706,706,0.36073277864664244,0.2621652782285041
707,707,0.5142270959732524,0.25632746357513164
708,708,0.3468959991440564,0.265626579849077
709,709,0.3600748688845213,0.26583831927086765
710,710,0.25579514792747265,0.2625666380508043
711,711,0.2981984346257998,0.2707870059952503
712,712,0.32240714397134473,0.27558852103846393
713,713,0.34807029713252396,0.2714901584323019
714,714,0.33408220394233595,0.26593033944325783
715,715,0.3689021110291134,0.2654455861122201
716,716,0.30407764864342246,0.26995416653439325
717,717,0.31554746274601797,0.27030452030926444
718,718,0.31113927605062297,0.258562763834199
719,719,0.32766964859576975,0.268788553598617
720,720,0.25292356070925986,0.2781140506079881
721,721,0.29406792106822194,0.27638876903377607
722,722,0.32695040523523083,0.2801248861080637
723,723,0.3690268782486863,0.27048591365567526
724,724,0.31634667505133635,0.2838342618206171
725,725,0.3133229080382977,0.27706839201172906
726,726,0.3895030775048629,0.2770870989274686
727,727,0.3702561363634848,0.27414951782130004
728,728,0.3388859424783596,0.2750730181338242
729,729,0.3279985682534562,0.2759345405470975
730,730,0.31410283931276667,0.2672245699616112
731,731,0.27517116434717903,0.267491328036839
732,732,0.19272967129944266,0.26616527644030386
733,733,0.2564259772165438,0.2745728825867555
734,734,0.2393107859668073,0.2692933151127311
735,735,0.21651515976872027,0.2657267283264881
736,736,0.25706888152943186,0.27410542215421707
737,737,0.2522701903318131,0.2710275857124363
738,738,0.26406946992567143,0.27496959839961976
739,739,0.18910147180870307,0.27576637254673864
740,740,0.22814128951871174,0.27597674797075294
741,741,0.10843673741765877,0.28947486802440336
742,742,0.17039077234484232,0.27805720456254013
743,743,0.1250334362014296,0.28281034439529296
744,744,0.17679911844186147,0.27897504231634346
745,745,0.1681731194256681,0.2812985890995556
746,746,0.1329155461960071,0.28383954912807885
747,747,0.1480528862959902,0.28105812672023495
748,748,0.075959871196568,0.2836291432149026
749,749,0.11976310298376722,0.2771323865072205
750,750,0.1330552219452961,0.27466226005743727
751,751,0.18704443458830788,0.27733852837213235
752,752,0.13419084918239474,0.27797838314124457
753,753,0.10697737734493357,0.2763671038330447
754,754,0.17499889127529636,0.276052692779476
755,755,0.2600216677900978,0.2825017279451772
756,756,0.158356860590033,0.273046405296436
757,757,0.11206567893650489,0.27626703869981056
758,758,0.14321663343745958,0.2762124251989948
759,759,0.12674593723652233,0.27382794923824755
760,760,0.12651404520518436,0.2722713056435094
761,761,0.14068995514841237,0.2704762606556434
762,762,0.11272625532074029,0.2751019600728248
763,763,0.05167451565164239,0.27887636496430757
764,764,0.0387360419218094,0.2764231236789198
765,765,0.11369558277717626,0.28437660066291787
766,766,0.07067496128144392,0.27986415827751454
767,767,0.10722392402973115,0.28104739853025873
768,768,0.12021813547264604,0.28631144148550736
769,769,0.13464357672300348,0.2819218618835426
770,770,0.20328906849357634,0.3048289190347953
771,771,0.2175996505674805,0.3137665419522192
772,772,0.18289983614419,0.2925445390550417
773,773,0.23172791007219876,0.2928712926213729
774,774,0.1314151514394557,0.285216004801148
775,775,0.112776516783461,0.28943974897866803
776,776,0.14396048315567334,0.293961126567668
777,777,0.11554350060064401,0.2884852241680204
778,778,0.08017984057103447,0.28511244549896403
779,779,0.16157698477053675,0.28840912838878235
780,780,0.1524288914062045,0.28226181107119264
781,781,0.1237868534182987,0.2896914444059116
782,782,0.09896964212255982,0.286695929088592
783,783,0.12131138553946373,0.28212571076655313
784,784,0.15725617281248233,0.2856679626628726
785,785,0.11600266824913359,0.28864802738136813
786,786,0.13745753935262808,0.2842171265241225
787,787,0.18697628775113206,0.29641362000796007
788,788,0.2057658349597147,0.29141907245999255
789,789,0.15468831239174693,0.30383562500430844
790,790,0.1374182279046701,0.3079534651216645
791,791,0.14054737550697258,0.311827687923162
792,792,0.14575799591529823,0.3122454807612568
793,793,0.16615812223586957,0.31184734879652204
794,794,0.19492109525763385,0.3034447793658293
795,795,0.17524202908159484,0.30561801848805964
796,796,0.158314883509356,0.30588455525100466
797,797,0.1961814337370882,0.2974717662359698
798,798,0.22021861089105071,0.29869956378191886
799,799,0.2580307865200623,0.2932880499400604
800,800,0.18882698721062888,0.2978019453450853
801,801,0.2804196786943148,0.2931816949656965
802,802,0.2584143308799048,0.29067521005675345
803,803,0.22331068970562495,0.2857889609833147
804,804,0.11108088502183769,0.2866926308458849
805,805,0.17780895915888925,0.28279317623152594
806,806,0.15825865020087404,0.27920208229137244
807,807,0.16170532014374694,0.2801695368036417
808,808,0.15929657549371903,0.27584240041766356
809,809,0.17382218873297337,0.27299486288568514
810,810,0.208108201087177,0.27455681519493663
811,811,0.19504313182252908,0.27192859650426526
812,812,0.33311858487830515,0.27640628326420463
813,813,0.2585150556326455,0.26560578535437895
814,814,0.28556172428148424,0.26350842145261566
815,815,0.3818753427671036,0.2714440120518893
816,816,0.32444327736552897,0.2628382243094921
817,817,0.3056815845888244,0.2614435156636361
818,818,0.291282731301788,0.25588071521459055
819,819,0.30599634284315547,0.26753975892475257
820,820,0.3474632681035437,0.25865278913007833
821,821,0.36461676910866536,0.2544844891627888
822,822,0.35267397114642324,0.2578706045138109
823,823,0.35798390355797466,0.25668484633391764
824,824,0.2986086905798532,0.2574981724345911
825,825,0.22437830218506605,0.2629180330069797
826,826,0.3264460880937377,0.2588465036085904
827,827,0.344326450673409,0.25258021753899623
828,828,0.31630106341358705,0.25352263419759946
829,829,0.4144793519458217,0.24274024343477918
830,830,0.4243282769369478,0.2503714280125193
831,831,0.38736938351966743,0.24944886177096512
832,832,0.34620744448305607,0.23875268703417435
833,833,0.3204085703621904,0.23255188600344473
834,834,0.37317176969844634,0.23681339422499534
835,835,0.41659247882644324,0.24260240710307893
836,836,0.3425267678795217,0.24227598562592953
837,837,0.3970187831860709,0.2388013151831743
838,838,0.4276226965798958,0.2371930702939526
839,839,0.4919116849945013,0.23830756173135823
840,840,0.3928272346306618,0.2365053693809972
841,841,0.4792103877578565,0.24299641312799844
842,842,0.48882199939266907,0.2440135087883219
843,843,0.48017293504927294,0.24447376550201727
844,844,0.551368813241619,0.24839987943651654
845,845,0.5323238039133029,0.24973737552307768
846,846,0.5522053666223635,0.24844248671080174
847,847,0.5923601763631203,0.25339208363502136
848,848,0.6235021747927609,0.25835069965317664
849,849,0.5752102159407526,0.25620360735181796
850,850,0.5845778845488891,0.2535792527977314
851,851,0.5629270776279964,0.2597430172029111
852,852,0.5898925432679089,0.2578021135234338
853,853,0.6282500522864387,0.2606531111675053
854,854,0.6912224677855727,0.2646632956560303
855,855,0.6719650114553267,0.26112616362378466
856,856,0.7819463667564672,0.26644776268970904
857,857,0.8142987333497809,0.271164131820236
858,858,0.7703346902844639,0.27326653301773074
859,859,0.8274061289465672,0.2724991414514438
860,860,0.9112781841295196,0.2731147362052341
861,861,0.8804526643472431,0.2748322732418507
862,862,0.855996054517935,0.2796862192085833
863,863,0.8719680346082621,0.285380535051523
864,864,0.8427114332453886,0.2826443835674796
865,865,0.8816816431565899,0.2891890524317101
866,866,0.7873985900094373,0.2785420801289597
867,867,0.8315406884196056,0.2691779536234356
868,868,0.753950885138054,0.27892054331775223
869,869,0.7484652301359598,0.23988512044974045
870,870,0.6484519824627231,0.252843561169247
871,871,0.7787251957100663,0.26441384429209147
872,872,0.766869972213299,0.2637430158638921
873,873,0.8107834048610056,0.26227418964958
874,874,0.7804222136094671,0.26693459847881135
875,875,0.845789153728072,0.2674071266979952
876,876,0.7797656229493921,0.25186969252448993
877,877,0.8208147306147398,0.2532289677841269
878,878,0.7715560765219794,0.2536178001273883
879,879,0.7637552912102041,0.25561154660389446
880,880,0.7875094586705556,0.25426265945415155
881,881,0.7368355574760139,0.25671004704907513
882,882,0.7705734300795173,0.2598454706376839
883,883,0.7669691323759444,0.2592082802390782
884,884,0.7485130310966734,0.261287392184677
885,885,0.7416214141334038,0.25710025835995115
886,886,0.8003303582857233,0.25931739096136935
887,887,0.7656280676863975,0.26444117808107787
888,888,0.8524170707540035,0.2552824661600309
889,889,0.8060167339199797,0.2576023836248685
890,890,0.791024853251637,0.262312091070096
891,891,0.7803699289300899,0.25939912125069126
892,892,0.7870417029874007,0.25901986959959955
893,893,0.7829157341970481,0.2614263082488494
894,894,0.7558935600434956,0.26283750945781287
895,895,0.7763266839447271,0.257569103381967
896,896,0.7754391559171495,0.2596025863799005
897,897,0.6998472974228217,0.26220537543255135
898,898,0.7237759007864704,0.29252959845275195
899,899,0.8765604910748768,0.2530472658015089
900,900,0.7647943992140069,0.25212437259876636
901,901,0.748506098941274,0.2533755795839704
902,902,0.6476156246456217,0.2501704245835156
903,903,0.6978822061845913,0.2513233617909024
904,904,0.6715497527351431,0.24351930624199775
905,905,0.6103689864074425,0.2630773668213002
906,906,0.5425286204616162,0.2766000443491648
907,907,0.5978432228458219,0.2477503319294509
908,908,0.6498355755846217,0.25130291408750705
909,909,0.5685341424016326,0.25657321771056285
910,910,0.4494645934360134,0.2714697431045707
911,911,0.44702623524250606,0.2834184214368552
912,912,0.4827406751735205,0.2630739371637973
913,913,0.43553807772899233,0.2506466943283037
914,914,0.44498625718317747,0.26519050865210153
915,915,0.46488988947151894,0.25436808784687015
916,916,0.4830187526866041,0.26128435039954306
917,917,0.46231314295024845,0.25446188802019526
918,918,0.5083071637216816,0.26165131373907785
919,919,0.5230397213406803,0.25382367177989246
920,920,0.5268099948808206,0.26390994116110694
921,921,0.498587753252353,0.25549393813202503
922,922,0.5292470942897052,0.26364004023228294
923,923,0.5562000597153312,0.26303208310273596
924,924,0.5389545809321078,0.25864268150189396
925,925,0.5630394227524633,0.2638577134164855
926,926,0.5253681351339824,0.260571467457591
927,927,0.42903731633767267,0.26937524815477715
928,928,0.4749530534484322,0.2677367166857561
929,929,0.5457037212664075,0.26839619718186697
930,930,0.48408277486575174,0.26987845443033304
931,931,0.47865763200943556,0.265957649919062
932,932,0.5128931741835379,0.26641267588580675
933,933,0.505583805903507,0.26543792026958846
934,934,0.5047289519104927,0.2664013725626223
935,935,0.518512676732659,0.2618957668183605
936,936,0.5774161158134086,0.2731476868360199
937,937,0.5704925287046988,0.2757237961431646
938,938,0.5849185319888045,0.27959056576884384
939,939,0.6085069467170254,0.2784064763549522
940,940,0.6209268011148988,0.2846216803086195
941,941,0.6739821570439629,0.2835900287400744
942,942,0.7622674598775686,0.2887670781523193
943,943,0.6562188912438301,0.2790763832492471
944,944,0.5966296124067805,0.2734628084874047
945,945,0.6818534946611982,0.27927900950399187
946,946,0.7239097065189753,0.28826452638537947
947,947,0.6894677477451384,0.28210260125640896
948,948,0.6164153046833255,0.28107787557680014
949,949,0.5622545851589806,0.279840388007286
950,950,0.6050483091596038,0.2802705829856878
951,951,0.4679219035465663,0.2781539353628262
952,952,0.5708861619196428,0.2811623389292969
953,953,0.6315098177420615,0.2846434591134356
954,954,0.4806813667364107,0.27966832423028987
955,955,0.6199148446217995,0.28671566732407633
956,956,0.5757079678292853,0.28573276650743745
957,957,0.5336026555159528,0.29221947153516603
958,958,0.544397519849879,0.29665234308059324
959,959,0.5565919856444576,0.2903376387268199
960,960,0.5060656500100217,0.2925962179449498
961,961,0.45491223905222083,0.290820256779114
962,962,0.4507037207054869,0.2967136954143197
963,963,0.49661246946899784,0.295154922452996
964,964,0.4055157999630397,0.29909480745581163
965,965,0.43043805940675267,0.29184324549129087
966,966,0.434947027019325,0.2980615020626724
967,967,0.4072688717276056,0.2961312469180438
968,968,0.4590079443392219,0.29498120447907733
969,969,0.49462621379750665,0.2914904036070228
970,970,0.4192075777313447,0.2906716106465974
971,971,0.37005241034605524,0.2906396877488794
972,972,0.4308947962751461,0.2912429663466359
973,973,0.4348527642557825,0.29302511758396044
974,974,0.3732707469358433,0.29403464710894966
975,975,0.40927294732884917,0.29346496836490366
976,976,0.43303540193763523,0.2944181283579912
977,977,0.36549218022717594,0.29711443455526926
978,978,0.32510445537053084,0.3002409129114928
979,979,0.3122442336171543,0.29981743482233847
980,980,0.2860721092402259,0.3003159591149643
981,981,0.20952453011154207,0.33201321234626757
982,982,0.276721121343467,0.3020874029949089
983,983,0.38519672720417325,0.305819158155763
984,984,0.35708016327131736,0.3046263592778946
985,985,0.39575521355509596,0.30303614101649484
986,986,0.34607996554945125,0.2979637931946546
987,987,0.3338611836415009,0.29915175254225357
988,988,0.36473196481472975,0.31101207567566913
989,989,0.35977783199471,0.3085826444487134
990,990,0.355069333599783,0.3036109181908329
991,991,0.36840755140266707,0.30452808434287204
992,992,0.31308013130460705,0.2995836841403748
993,993,0.3097760234224462,0.3040304105951924
994,994,0.2942028689519778,0.3001905368977214
995,995,0.26399142274972176,0.3009910838288404
996,996,0.2130243906177874,0.3000788069335117
997,997,0.20614201962242507,0.295248420495643
998,998,0.17957373781533592,0.2867094033369596
999,999,0.26853304368405206,0.2922572930233648
1000,1000,0.27383952177638016,0.2964622018996641
1001,1001,0.2920407709836559,0.29453720451664805
1002,1002,0.2793229101281561,0.2921536011478678
1003,1003,0.3142408956570347,0.2874186307301092
1004,1004,0.2515814160563973,0.280431263165413
1005,1005,0.2805825209756634,0.29678720964768984
1006,1006,0.2699763423996978,0.2815009619923599
1007,1007,0.28887484490988175,0.2941149115322334
1008,1008,0.2901071440091038,0.29055848747114127
1009,1009,0.2572011419158249,0.28707901689325416
1010,1010,0.31235800208319286,0.28145168411772353
1011,1011,0.27349974683818973,0.2866858000491211
1012,1012,0.2743217497368565,0.2854285675701627
1013,1013,0.3287775579465232,0.29119135809964264
1014,1014,0.33539682928446657,0.2864453753066847
1015,1015,0.3721394434480297,0.2897702303194213
1016,1016,0.38886231521308867,0.29084217273589447
1017,1017,0.4036120568561446,0.28401658779650674
1018,1018,0.470171571213701,0.28060447298821384
1019,1019,0.4511764258217838,0.27661000504909217
1020,1020,0.4692933304891775,0.2937740423142886
1021,1021,0.44312036069981686,0.2858882776699192
1022,1022,0.4492681061421892,0.283696923677564
1023,1023,0.46107180425508343,0.29183930301474553
1024,1024,0.42488899478914044,0.28501885524549964
1025,1025,0.46059008234797694,0.2829061170162069
1026,1026,0.3648473507011763,0.2830010555872136
1027,1027,0.45325408638068754,0.2842604823266997
1028,1028,0.44025677363048255,0.2809809370071737
1029,1029,0.39102379957620603,0.2786128576142275
1030,1030,0.43324500578114566,0.2836946874176612
1031,1031,0.451714199098889,0.27887895738293034
1032,1032,0.4987505403856975,0.27541850327585804
1033,1033,0.5667563634665377,0.2713968571954153
1034,1034,0.5522050138805522,0.2758566753517497
1035,1035,0.5664196930033022,0.28009468648997166
1036,1036,0.5385067724016879,0.27148878107632796
1037,1037,0.4667669874983119,0.2768109306302375
1038,1038,0.4389595884568934,0.2738442704395584
1039,1039,0.44654831759876523,0.2802420867256409
1040,1040,0.42656646406181564,0.27234910020681957
1041,1041,0.44496999641258084,0.2735082474049353
1042,1042,0.49223065419427564,0.2770240106368631
1043,1043,0.4755694966593352,0.2766987403084425
1044,1044,0.39691504302207914,0.27706076861544876
1045,1045,0.41183420164789103,0.28580286215005474
1046,1046,0.49047474468765145,0.2867607270773556
1047,1047,0.4565383495752902,0.2895223679225133
1048,1048,0.37587272669278476,0.28230563871030473
1049,1049,0.4124064544018094,0.2846789749794694
1050,1050,0.47164181524036003,0.2857706552936693
1051,1051,0.4451203333503866,0.2884529849688125
1052,1052,0.4160455787179183,0.27876514753534426
1053,1053,0.4199832720047441,0.28419978795060175
1054,1054,0.33207455699526073,0.2814423488204806
1055,1055,0.34636229709070904,0.2803456018628712
1056,1056,0.2429897763823353,0.2791588140749955
1057,1057,0.32160485491203294,0.28391818605932473
1058,1058,0.3379664713022832,0.2766605079781449
1059,1059,0.17531322226503307,0.29716046294414045
1060,1060,0.36376104085511507,0.28429750841204
1061,1061,0.4122751308578695,0.2943925062074054
1062,1062,0.40975171680112193,0.28921419899568834
1063,1063,0.42889336527126015,0.2849429688862343
1064,1064,0.4815304970647703,0.2745689055694685
1065,1065,0.4938193009020366,0.2858873798670054
1066,1066,0.5126973300805008,0.28359647962292384
1067,1067,0.5522557932288933,0.28378934613378265
1068,1068,0.5860737968064111,0.2841241160386143
1069,1069,0.6008262659327828,0.28640838112264677
1070,1070,0.6031871950209904,0.28964484967955684
1071,1071,0.5612932192070034,0.28916011123266516
1072,1072,0.5677492376326084,0.2855501006898017
1073,1073,0.5489580525802921,0.2905432890022538
1074,1074,0.6063429544101033,0.28633374046553084
1075,1075,0.5400144957777274,0.28666544794172855
1076,1076,0.5995723163531566,0.28742564458894276
1077,1077,0.6197993255545156,0.2825060152921018
1078,1078,0.5845011382562718,0.28357926708549697
1079,1079,0.6099631375765444,0.28564803129745486
1080,1080,0.6344039165926101,0.2878286082071766
1081,1081,0.6268870800744617,0.29687335896639533
1082,1082,0.7212118695132615,0.2994479727139502
1083,1083,0.77259803882606,0.3072751541382276
1084,1084,0.763597804832504,0.302939123465982
1085,1085,0.7553790908134704,0.30571735179204157
1086,1086,0.8110530577224389,0.3020750644207834
1087,1087,0.7256007800612718,0.2930443743932728
1088,1088,0.6685836722933687,0.3085150161490644
1089,1089,0.6125252378752639,0.3127407903285346
1090,1090,0.6655955397005587,0.2957800760150852
1091,1091,0.7685167994257396,0.2905036108493815
1092,1092,0.8015996581309788,0.2875974759013355
1093,1093,0.7602021677746503,0.2887034664194808
1094,1094,0.8735244591799631,0.2815783726934536
1095,1095,0.8442291246223507,0.2789925890012258
1096,1096,0.8905804985067577,0.2819589670109581
1097,1097,0.9224154786988495,0.27737974523926456
1098,1098,0.9093765735161826,0.2818286968755046
1099,1099,0.9087372190527515,0.2754446384736373
1100,1100,0.9266716540553389,0.2787215814202319
1101,1101,0.8896537757255139,0.27369568353897683
1102,1102,0.9888607946583221,0.2737492756290241
1103,1103,0.96743377970206,0.27525162950186755
1104,1104,0.919696185922315,0.2761154328088661
1105,1105,1.0135119648330069,0.27920851621817777
1106,1106,0.9875921264519616,0.2800924651995936
1107,1107,1.0435784546350224,0.2782739696076944
1108,1108,0.9538610565872173,0.2864956926274933
1109,1109,0.9349291806944473,0.2817769402567402
1110,1110,0.9981713801195791,0.2804042768861935
1111,1111,0.9487095749321464,0.29185241500859793
1112,1112,1.0078732601903502,0.2855940070996936
1113,1113,1.0009818653813847,0.2799993176377699
1114,1114,1.004378530687219,0.27904399110708683
1115,1115,0.9236371967073723,0.2648393855980315
1116,1116,0.8251314413982045,0.2614446485374314
1117,1117,0.8716251395019686,0.24833563897625285
1118,1118,0.8394087325902715,0.24528021858061894
1119,1119,0.89165694938739,0.24724532867981436
1120,1120,0.9078422089999718,0.25534037787232267
1121,1121,0.9636728154151392,0.25731447110714223
1122,1122,0.847636603292103,0.25655265623495976
1123,1123,0.8487568511360593,0.26695115409837744
1124,1124,0.8532605563645533,0.2621589527823513
1125,1125,0.9158454678595858,0.25467453508281146
1126,1126,0.9232667068313903,0.2626922525523425
1127,1127,0.8992070644440328,0.257729387978235
1128,1128,0.9517860502269261,0.2550759927675896
1129,1129,1.0437176226432474,0.2668684917112654
1130,1130,0.9664689571741444,0.26153849187039924
1131,1131,1.071463606466453,0.278464599996433
1132,1132,1.1067825103221094,0.2781318473610329
1133,1133,1.0394968373961455,0.270674161475064
1134,1134,1.039261576541576,0.2769430643863186
1135,1135,1.0822824038175802,0.2629224875819555
1136,1136,1.0253467468019453,0.2593257965175335
1137,1137,1.071435815611967,0.2677463091732085
1138,1138,1.1635375973148232,0.28100122148437207
1139,1139,1.1144829452768106,0.2868520650162362
1140,1140,0.9991930613949871,0.26085870809098816
1141,1141,1.0703949442532041,0.2710990928426614
1142,1142,1.0306831224786561,0.26656797709951296
1143,1143,1.0135460094176743,0.26630806799323686
1144,1144,1.0065042158990831,0.2561916804796278
1145,1145,1.0625498528209758,0.26462540802373535
1146,1146,1.0387460118619538,0.2624702669417123
1147,1147,1.047171916321005,0.2614861692279301
1148,1148,1.0784437980960524,0.25632153556361925
1149,1149,1.040479647118569,0.26501220615688
1150,1150,1.106798281248958,0.2628293749518853
1151,1151,1.0727760344532744,0.2641897155377441
1152,1152,1.0676178290072145,0.2599760743963353
1153,1153,1.094194765289883,0.2656685813535767
1154,1154,1.1020141380455686,0.2618069377847429
1155,1155,1.0848373828971694,0.2626477438813232
1156,1156,1.027864698468568,0.2615070847334579
1157,1157,1.0590283149822128,0.2633771405043171
1158,1158,1.0652294022594102,0.26246611925827845
1159,1159,0.9678149574679092,0.26154682987185224
1160,1160,0.9273808021816196,0.2624377760803271
1161,1161,0.9749244465840898,0.2582226688348693
1162,1162,0.9439793272117816,0.26381929196162845
1163,1163,0.8926970682218685,0.26731962264397413
1164,1164,0.8890347303520487,0.2693677556063721
1165,1165,0.8530457737798239,0.2712042611011274
1166,1166,0.8482551963950574,0.27138993200619455
1167,1167,0.8447451046478042,0.275821323134818
1168,1168,0.8292992936920244,0.2702466683083045
1169,1169,0.8293638610814955,0.2678416195264081
1170,1170,0.7750423420472371,0.27386174490844567
1171,1171,0.7715688894698605,0.27416545215306115
1172,1172,0.8192557705094289,0.27296243173976015
1173,1173,0.7511546762506579,0.2749926127910932
1174,1174,0.73555743456069,0.2696301193306022
1175,1175,0.7277499030840008,0.2658879637573788
1176,1176,0.8271261473092584,0.26958471894529074
1177,1177,0.7684422269660163,0.2671891975903965
1178,1178,0.7236619404339169,0.2720428041313334
1179,1179,0.787895407800255,0.2676897569313778
1180,1180,0.7619127255938125,0.27322704923545876
1181,1181,0.7125596876790249,0.2731447369941329
1182,1182,0.7315068619087034,0.2671608491061004
1183,1183,0.6695803530831692,0.27084162369361764
1184,1184,0.6600087004342863,0.26412015616902274
1185,1185,0.5122770002674748,0.26148886994791787
1186,1186,0.5814339837137456,0.2678456288024338
1187,1187,0.5855278894969448,0.2614662422275052
1188,1188,0.5954695304715207,0.2653918120422495
1189,1189,0.6032586677565908,0.2667030804775842
1190,1190,0.5872787226135782,0.26574755196310484
1191,1191,0.6611919832325001,0.25816720133591475
1192,1192,0.6842812572878277,0.26613426444523186
1193,1193,0.6439550993662004,0.2630838957548064
1194,1194,0.6436207490994953,0.25967840830943784
1195,1195,0.6127811630146318,0.25828914277191634
1196,1196,0.6793239482170202,0.26747217806172635
1197,1197,0.6254828670813687,0.261689850132139
1198,1198,0.6436628085515947,0.25671370909674357
1199,1199,0.4965070076519047,0.2920280592905469
